Zone_ID,Precipitation,Humidity,Temperature,Wind,Num_Fires,Date
1.0,2.9258726,93.926,6.511881,6.469333,0,20180325
2.0,3.174667,90.49312,5.2106805,9.322563,0,20180325
3.0,3.2749023,88.59076,8.685195,17.889254,0,20180325
4.0,3.848807,88.386986,8.104639,22.721083,0,20180325
5.0,2.2350411,92.32809,7.0011897,8.9334,0,20180325
6.0,7.299263,93.48983,7.496438,8.109059,0,20180325
7.0,8.191888,96.0959,7.88268,14.533173,0,20180325
8.0,8.030747,91.85718,6.978414,20.841398,0,20180325
1.0,9.758562,92.0032,8.510425,7.1164265,0,20180326
2.0,15.024763,93.00171,7.268069,6.610585,0,20180326
3.0,15.220704,90.75279,9.965573,8.462127,0,20180326
4.0,18.619814,88.83065,10.532697,8.373442,0,20180326
5.0,28.01288,87.34485,9.359194,6.4458013,0,20180326
6.0,18.44102,83.45603,10.184291,8.331432,0,20180326
7.0,14.478626,85.872986,10.483798,9.276741,0,20180326
8.0,16.632572,87.267914,10.567881,10.504012,0,20180326
1.0,8.211605,75.796104,9.631352,8.920615,0,20180327
2.0,12.002611,81.570984,7.0643497,5.8497686,0,20180327
3.0,9.708841,70.04028,10.858752,6.2389116,0,20180327
4.0,1.7393447,71.3479,11.289717,10.385659,0,20180327
5.0,8.328991,75.614265,9.577506,6.0244794,0,20180327
6.0,5.5789676,76.82146,9.372964,8.328174,0,20180327
7.0,8.0443535,71.410736,10.426688,8.233296,0,20180327
8.0,2.3753467,72.20421,10.557956,10.665729,0,20180327
1.0,2.7180412,56.125267,12.772076,13.594515,0,20180328
2.0,1.2677972,58.53185,10.996023,9.426526,0,20180328
3.0,1.880583,64.65488,12.594586,10.057253,0,20180328
4.0,5.774123,76.08783,11.633922,10.82846,0,20180328
5.0,1.7606848,49.589054,13.39613,8.766936,0,20180328
6.0,3.5519087,50.845615,13.039953,11.172441,0,20180328
7.0,2.042723,58.45417,12.898261,13.898445,0,20180328
8.0,1.9808149,71.91595,11.803492,12.326468,0,20180328
1.0,0.0,56.059994,15.053695,12.559255,0,20180329
2.0,0.018463997,54.558056,14.267961,8.737838,0,20180329
3.0,0.014630709,60.92871,15.45474,10.442792,0,20180329
4.0,0.024504151,65.71823,16.135193,10.044624,0,20180329
5.0,0.0,52.6285,16.393444,9.845829,0,20180329
6.0,0.0006919034,50.906384,16.089407,9.4476795,0,20180329
7.0,0.0027830687,57.02446,15.964564,13.914075,0,20180329
8.0,0.008300569,63.72039,15.320995,16.007471,0,20180329
1.0,0.017339563,53.854393,19.698841,11.37338,0,20180330
2.0,0.0034073074,42.86759,20.89887,9.265823,0,20180330
3.0,0.0011101393,39.918877,22.079163,11.830342,0,20180330
4.0,0.0,50.97955,20.943562,21.651365,0,20180330
5.0,0.0,54.991707,18.404297,9.47221,0,20180330
6.0,0.0015911513,54.336994,18.75437,11.723483,0,20180330
7.0,0.0063991775,51.474422,19.601477,12.080836,0,20180330
8.0,0.0,51.175014,20.11868,21.763035,0,20180330
1.0,0.0009518354,54.275543,18.163193,26.477821,0,20180331
2.0,2.4826808e-05,47.122955,18.501637,24.021927,0,20180331
3.0,0.0,55.131508,19.081438,18.644808,0,20180331
4.0,0.0,67.41371,18.401438,12.655473,0,20180331
5.0,0.013170436,44.716457,20.01812,15.910923,0,20180331
6.0,0.015606709,55.55584,18.045345,21.852547,0,20180331
7.0,0.0,60.37719,18.551733,18.826313,0,20180331
8.0,0.0,66.16841,18.11219,16.870874,0,20180331
1.0,15.797155,72.429756,9.055508,26.281876,0,20180401
2.0,8.982933,68.34659,8.090766,24.823069,0,20180401
3.0,2.7367382,60.67591,11.493177,26.116095,0,20180401
4.0,0.4858311,67.81826,11.578928,29.172554,0,20180401
5.0,4.3161583,56.266838,11.733803,16.140642,0,20180401
6.0,1.2936941,46.35519,12.894099,22.897703,0,20180401
7.0,1.7283403,52.020813,12.281091,26.528051,0,20180401
8.0,0.65320426,65.43247,11.400554,32.316242,0,20180401
1.0,1.5801002,51.19484,15.134408,9.744222,0,20180402
2.0,2.5099716,47.671597,14.444698,5.820641,0,20180402
3.0,1.9684293,55.480247,14.901868,8.54151,0,20180402
4.0,0.44329056,67.42764,14.692382,9.362986,0,20180402
5.0,0.12684096,40.059746,16.099207,7.7853074,0,20180402
6.0,0.563382,42.750324,15.8459215,10.985975,0,20180402
7.0,1.382481,47.11868,15.992333,11.105098,0,20180402
8.0,0.5495946,62.726955,14.671051,11.327447,0,20180402
1.0,0.011360227,45.275402,16.916922,8.000626,0,20180403
2.0,0.0,30.814323,17.482243,8.62896,0,20180403
3.0,0.0,43.978855,17.675644,12.289973,0,20180403
4.0,0.0,61.35604,15.846316,22.33915,0,20180403
5.0,0.000106792046,47.137753,16.412996,8.714884,0,20180403
6.0,0.0,43.307907,16.433895,10.908414,0,20180403
7.0,0.0,52.01139,16.320938,12.209536,0,20180403
8.0,0.0,61.66589,15.0465355,20.757002,0,20180403
1.0,0.0,58.54498,17.460526,4.4943476,0,20180404
2.0,0.0,44.690464,17.925106,5.1196575,0,20180404
3.0,0.0073555117,48.546574,18.607853,6.9092236,0,20180404
4.0,0.005112274,62.840454,17.910213,13.225005,0,20180404
5.0,0.0,59.713123,17.00343,6.387534,0,20180404
6.0,0.0,56.510834,16.880764,8.095509,0,20180404
7.0,0.0,61.618324,16.907997,8.983352,0,20180404
8.0,0.006109185,65.09955,16.856588,13.337603,0,20180404
8.0,0.009891005,68.1313,15.852286,13.812149,0,20180405
4.0,7.144397e-05,71.18696,16.014341,12.319296,0,20180405
7.0,0.0,58.862278,16.079006,16.769522,0,20180405
3.0,0.0,66.73973,15.639742,10.925894,0,20180405
6.0,0.0,51.80973,17.457273,13.147027,1,20180405
2.0,0.0,55.42591,15.262689,8.690977,0,20180405
5.0,0.0,51.76922,17.97912,9.646523,0,20180405
1.0,0.0,51.33153,16.724613,13.815223,0,20180405
8.0,0.0808535,74.56296,13.962056,17.46935,0,20180406
4.0,0.06810243,81.81531,12.901348,18.898851,0,20180406
7.0,0.0090300515,64.610435,15.05586,14.97731,0,20180406
3.0,0.13193756,74.13643,14.393659,12.193385,0,20180406
6.0,9.8333685e-06,56.307274,15.539157,17.048964,1,20180406
2.0,0.36182716,62.3479,13.641611,10.17103,0,20180406
5.0,0.019466754,52.827103,16.116856,14.685048,0,20180406
1.0,0.3766505,56.67473,15.692792,13.278056,0,20180406
1.0,0.014515775,43.436626,17.330114,9.722362,0,20180407
2.0,0.005656019,45.40989,16.56846,8.96785,0,20180407
3.0,0.016286189,46.432,18.82169,7.2782326,0,20180407
4.0,0.008503215,45.045536,18.767782,8.204679,0,20180407
5.0,0.0,41.985588,17.599995,8.309201,0,20180407
6.0,0.0,41.51121,17.799656,12.550848,0,20180407
7.0,0.00090135203,41.382835,19.014153,11.642845,0,20180407
8.0,0.006137071,45.31048,17.914612,9.040529,0,20180407
8.0,0.0,49.1916,17.697424,21.580797,0,20180408
4.0,0.0,50.109154,19.127554,24.391144,0,20180408
7.0,0.0,42.51219,19.050732,13.047549,0,20180408
3.0,0.0,41.144146,19.677404,15.256753,0,20180408
6.0,0.0,42.031094,18.904762,12.873231,1,20180408
2.0,0.0,43.354034,18.204138,10.139996,1,20180408
5.0,0.0,44.08632,18.151865,11.72872,0,20180408
1.0,0.0,46.441128,18.330425,15.340666,0,20180408
1.0,0.014515775,57.39533,17.002775,9.885498,0,20180409
2.0,6.76786e-05,55.578247,16.024456,12.263736,0,20180409
3.0,0.0,71.30906,15.87604,11.770002,0,20180409
4.0,0.006335818,80.51546,14.625602,14.267824,0,20180409
5.0,0.0,55.306473,16.894981,8.836152,0,20180409
6.0,0.0046775294,60.65465,16.983797,15.3073,0,20180409
7.0,0.012831983,70.37372,16.403442,12.661818,0,20180409
8.0,0.0,80.881805,14.456257,14.028095,0,20180409
1.0,0.016497925,52.34611,16.391293,8.64868,0,20180410
2.0,0.006881362,52.178383,15.286,6.529947,0,20180410
3.0,0.014986443,62.82416,15.869925,7.9282937,0,20180410
4.0,0.0055713966,71.43639,16.25379,9.073123,0,20180410
5.0,0.0011724813,48.005672,16.87498,8.696132,0,20180410
6.0,0.0,52.171883,16.32054,8.255758,0,20180410
7.0,0.051213384,57.390728,16.471241,8.603703,0,20180410
8.0,0.06707347,69.471756,15.525469,10.442478,0,20180410
1.0,0.041183174,54.27443,18.992813,11.574176,0,20180411
2.0,0.25133651,48.298332,19.074484,9.0244055,0,20180411
3.0,0.026957182,51.65138,20.437607,14.479989,0,20180411
4.0,0.19047731,63.301456,19.433765,21.002415,0,20180411
5.0,0.16694951,58.97371,17.72442,9.262336,0,20180411
6.0,0.115906425,59.963562,18.07291,9.363944,0,20180411
7.0,0.0077559487,61.333862,18.279665,11.509481,0,20180411
8.0,0.20854244,66.122185,18.010633,21.017,0,20180411
8.0,0.0,72.25827,17.45156,11.098465,0,20180412
4.0,0.006335818,74.79677,17.617212,9.1340275,0,20180412
7.0,0.0056807864,59.99942,19.049065,11.440808,0,20180412
3.0,0.0,62.717964,19.00001,9.092892,0,20180412
6.0,0.004388372,57.04541,18.561283,12.87551,0,20180412
2.0,0.0,53.468365,17.802593,9.557805,0,20180412
5.0,0.0,60.246216,17.391363,11.864706,0,20180412
1.0,0.0,64.14604,17.9669,12.163838,1,20180412
1.0,0.021508174,42.61926,19.575537,7.8460426,0,20180413
2.0,0.009391383,37.310757,19.302763,6.255316,0,20180413
3.0,0.0,53.095257,19.439545,8.445145,0,20180413
4.0,0.0,56.70539,19.515894,8.798301,0,20180413
5.0,0.0075558596,41.65468,19.44091,8.20197,0,20180413
6.0,0.0,41.495594,19.604528,7.8238773,0,20180413
7.0,0.0,46.737392,20.550333,9.465558,0,20180413
8.0,0.0,51.38404,19.479362,10.97732,0,20180413
8.0,0.013974497,37.10672,19.696375,28.640095,3,20180414
4.0,0.00016439767,35.26656,21.620827,16.309458,1,20180414
7.0,0.0,33.901566,21.21846,20.340668,0,20180414
3.0,0.0,33.769997,21.668615,23.65788,3,20180414
6.0,0.0,42.327106,19.326061,15.7014065,0,20180414
2.0,0.0,43.871944,18.18145,17.878973,1,20180414
5.0,0.0,41.431744,19.321846,10.958602,0,20180414
1.0,0.0,44.565517,19.402733,10.62588,1,20180414
8.0,0.37114292,58.171883,19.173326,22.495773,0,20180415
4.0,0.02417871,55.255558,20.957333,14.884548,0,20180415
7.0,0.007976791,56.612236,19.03919,21.974499,1,20180415
3.0,0.043815307,54.35923,19.903282,17.923412,1,20180415
6.0,0.0,55.486103,19.12795,16.772646,0,20180415
2.0,0.04205505,56.501957,16.6707,12.668638,0,20180415
5.0,0.0011724813,57.997902,18.093773,12.802908,0,20180415
1.0,0.03597824,58.147385,17.936909,16.051027,0,20180415
1.0,1.9358269,73.28344,15.783125,12.0571995,0,20180416
2.0,2.631334,79.03313,13.77808,9.983665,0,20180416
3.0,1.3504633,79.684906,15.5939665,10.334893,0,20180416
4.0,12.727227,79.82133,15.230627,12.041196,0,20180416
5.0,0.086275436,68.33063,17.4734,8.869074,0,20180416
6.0,0.938842,68.85842,17.527706,10.464502,0,20180416
7.0,0.22942112,69.473206,17.25022,14.621398,0,20180416
8.0,3.6338801,77.35312,15.588227,13.038475,0,20180416
1.0,0.1354837,66.66063,18.273464,9.935519,0,20180417
2.0,0.32957846,72.17711,16.12475,5.6607475,0,20180417
3.0,1.01077,73.256226,16.90053,8.270722,0,20180417
4.0,0.13314208,58.666122,17.675016,12.705097,0,20180417
5.0,0.4348428,61.112198,19.1739,6.951695,0,20180417
6.0,3.045685,60.9511,18.794605,8.717405,0,20180417
7.0,0.88465077,63.681175,18.646032,10.812572,0,20180417
8.0,0.33336842,60.15465,17.76949,12.18837,0,20180417
1.0,0.9124395,64.28838,18.252884,13.191006,0,20180418
2.0,1.1105224,66.35078,16.474157,7.823631,0,20180418
3.0,0.18806164,63.462067,18.969046,7.597978,0,20180418
4.0,0.07688488,73.41697,17.273235,10.375444,0,20180418
5.0,2.5042272,61.14946,18.910383,9.459156,0,20180418
6.0,3.0459678,60.96954,18.503036,11.22497,0,20180418
7.0,0.42436686,60.677826,19.219545,10.931436,0,20180418
8.0,0.04186207,71.404175,17.162426,10.979951,0,20180418
1.0,2.9647877,62.303955,19.12513,15.003844,0,20180419
2.0,1.2538102,65.80045,17.491987,10.461856,0,20180419
3.0,3.6872797,64.05977,19.465025,10.027673,0,20180419
4.0,3.8934941,74.498314,18.545158,7.840252,0,20180419
5.0,0.29129702,60.236057,19.406878,10.490896,0,20180419
6.0,0.07588553,58.903862,19.474167,11.68253,0,20180419
7.0,1.003551,55.626728,20.77408,11.171332,0,20180419
8.0,0.869735,68.71568,18.767094,12.26729,0,20180419
1.0,1.4027411,50.62998,20.607927,15.518779,0,20180420
2.0,1.5958227,56.745544,19.009995,8.892374,0,20180420
3.0,2.5855734,66.811676,19.105656,8.265015,0,20180420
4.0,0.00874051,71.44119,19.104292,12.682729,0,20180420
5.0,0.052426137,46.998497,21.368544,11.624128,0,20180420
6.0,0.007947234,44.682552,21.125574,13.470505,0,20180420
7.0,0.06843411,54.124584,21.20897,12.362573,0,20180420
8.0,0.01298007,65.05295,20.316448,14.340131,0,20180420
1.0,0.0,53.558746,20.049742,7.6271434,0,20180421
2.0,0.0,54.712288,18.942074,6.0810146,0,20180421
3.0,0.01860096,58.83195,20.034218,7.2384505,0,20180421
4.0,0.0011671028,63.59178,20.114117,9.759649,0,20180421
5.0,0.0,49.484905,20.31811,7.504755,0,20180421
6.0,0.0,53.440197,19.809359,8.583414,0,20180421
7.0,0.00090133544,54.215073,20.50689,8.137427,0,20180421
8.0,0.0062541887,62.405197,19.61793,10.8327055,0,20180421
8.0,1.0752099,69.815765,17.699902,9.487916,0,20180422
4.0,0.39458248,72.47884,18.066889,8.065752,0,20180422
7.0,0.43086192,60.90412,19.577435,10.035407,1,20180422
3.0,0.2927452,63.11543,19.51947,8.751012,0,20180422
6.0,0.040978506,59.732796,19.472202,10.736808,0,20180422
2.0,0.29508576,56.265244,18.465816,6.824921,0,20180422
5.0,0.00094702217,57.901752,19.374521,8.602522,0,20180422
1.0,0.014515775,60.04706,19.624323,9.962417,0,20180422
1.0,0.11218545,58.561882,21.109308,9.94506,0,20180423
2.0,1.5329374,59.292484,19.252638,8.226733,0,20180423
3.0,0.8338726,73.44902,18.653687,9.965106,0,20180423
4.0,0.3910203,76.620804,18.558016,14.46161,0,20180423
5.0,0.03700071,48.988895,21.838596,9.073003,0,20180423
6.0,0.058739886,45.885643,21.31985,10.277794,0,20180423
7.0,0.371605,58.608406,20.31183,12.988794,0,20180423
8.0,1.1234726,71.75078,19.141273,15.168494,0,20180423
1.0,0.0,54.72464,22.348484,9.98367,0,20180424
2.0,0.004700329,57.38477,21.133942,8.267453,0,20180424
3.0,0.019799484,62.016792,20.655994,9.494091,0,20180424
4.0,0.0044747815,56.312798,21.620638,12.135018,0,20180424
5.0,0.0,48.466743,23.511469,8.928833,0,20180424
6.0,0.0015911513,49.345287,23.303848,9.598035,0,20180424
7.0,0.0068775215,51.926918,22.621733,11.489487,0,20180424
8.0,0.00012901993,55.808884,21.901548,12.754204,0,20180424
1.0,0.0,44.246845,23.574247,10.097457,0,20180425
2.0,0.0055883396,47.376755,22.775982,6.4180617,0,20180425
3.0,0.015889013,50.70849,22.405785,7.08314,0,20180425
4.0,0.0,48.395138,22.027676,7.326496,0,20180425
5.0,0.0,43.89613,23.496021,9.233629,0,20180425
6.0,0.0,43.94457,23.541885,9.548741,0,20180425
7.0,0.0010753926,42.883755,23.807186,9.236847,0,20180425
8.0,0.0,48.29567,22.3473,7.59741,0,20180425
8.0,0.0,46.461536,22.401052,9.294896,0,20180426
4.0,0.007865722,49.006893,22.17862,8.595036,0,20180426
7.0,0.0,38.772717,24.155787,9.410175,1,20180426
3.0,0.0034911917,46.746117,22.593931,7.879634,0,20180426
6.0,0.0,37.88991,23.637651,8.491946,0,20180426
2.0,6.76786e-05,41.60016,22.894651,7.5039964,0,20180426
5.0,0.0,38.73456,24.117186,8.38044,0,20180426
1.0,0.014515775,41.209763,23.668934,8.137069,0,20180426
8.0,0.0,49.835556,20.946949,18.177877,0,20180427
4.0,0.0,51.416912,22.22918,16.235853,0,20180427
7.0,0.0,42.752052,23.326641,10.786632,0,20180427
3.0,0.0,37.130188,23.971083,12.684864,1,20180427
6.0,0.0,36.5098,23.397068,9.638987,0,20180427
2.0,6.76786e-05,38.278164,22.43196,9.212976,0,20180427
5.0,0.0,37.27336,23.036594,9.7351465,0,20180427
1.0,0.014515775,42.21188,23.13393,12.505084,0,20180427
8.0,0.00082492596,45.42725,20.285767,25.566334,0,20180428
4.0,0.0,43.854908,21.267323,23.9732,0,20180428
7.0,0.017701896,40.371944,22.205355,12.398212,1,20180428
3.0,0.011507275,40.246395,22.181204,12.978466,1,20180428
6.0,0.016347159,44.1607,22.54434,11.484839,0,20180428
2.0,0.0068496326,44.735905,20.785093,10.533267,0,20180428
5.0,0.0,39.219418,22.318834,10.266746,1,20180428
1.0,0.0,40.31334,22.213045,10.676026,0,20180428
8.0,0.04600278,51.637276,21.503996,20.206385,1,20180429
4.0,0.001874711,51.18571,23.03354,12.733923,0,20180429
7.0,0.08143133,39.98186,24.139456,14.44148,1,20180429
3.0,0.114846714,38.63834,24.289064,13.345797,1,20180429
6.0,0.3476397,40.107124,23.617922,11.25722,0,20180429
2.0,0.5433721,39.83345,22.398497,10.467399,0,20180429
5.0,0.24075404,40.328068,23.673172,8.225228,0,20180429
1.0,0.07922114,43.730225,23.250486,7.191803,0,20180429
1.0,0.0,52.45887,23.030367,15.104142,0,20180430
2.0,0.0,57.086483,21.375809,8.431809,0,20180430
3.0,0.0,69.88651,20.703543,8.318227,0,20180430
4.0,0.0,73.37859,20.193998,14.551023,0,20180430
5.0,0.0,44.59635,23.834568,9.918645,0,20180430
6.0,0.0,47.59146,23.393112,10.628922,0,20180430
7.0,0.0,55.576946,22.7334,11.402835,0,20180430
8.0,0.0,68.99985,20.56469,14.810127,0,20180430
8.0,0.0,54.78719,22.175684,12.074964,0,20180501
4.0,0.0,56.16727,22.605022,10.895493,0,20180501
7.0,0.2806027,45.25353,23.694685,10.626926,1,20180501
3.0,0.0,47.07693,23.504702,7.2223144,1,20180501
6.0,0.5821172,46.589733,22.74892,10.189016,0,20180501
2.0,0.06091104,42.815475,23.103186,5.8261185,0,20180501
5.0,0.33770144,45.188496,22.65499,7.232865,0,20180501
1.0,0.016497925,44.24882,22.412844,7.3517046,1,20180501
8.0,0.00025803986,64.81354,18.087196,23.96792,0,20180502
4.0,0.009298697,60.60957,19.993687,19.167736,0,20180502
7.0,0.0,63.90746,19.57301,18.588324,0,20180502
3.0,0.034444075,62.216328,19.994316,18.385176,0,20180502
6.0,0.0,62.417725,19.35981,15.564992,0,20180502
2.0,0.0,59.670406,17.437098,14.690582,0,20180502
5.0,0.0,61.92821,18.808804,15.022196,0,20180502
1.0,0.0,61.152344,19.100958,23.650898,1,20180502
1.0,2.620743,62.86294,17.326227,15.889821,0,20180503
2.0,3.8967223,67.54175,14.32299,18.116371,0,20180503
3.0,3.2885418,71.30917,15.118357,17.105204,0,20180503
4.0,4.0870028,81.93099,13.346982,23.977224,0,20180503
5.0,11.108103,61.208977,17.315939,19.133087,0,20180503
6.0,9.763877,68.269905,15.562513,19.68651,0,20180503
7.0,6.216155,75.93206,14.734999,18.765377,0,20180503
8.0,4.7691536,83.41399,12.294888,27.05575,0,20180503
1.0,22.592625,72.94683,16.697014,11.109739,0,20180504
2.0,24.534885,80.22417,14.4184675,7.901441,0,20180504
3.0,14.194353,73.64913,16.485674,6.567418,0,20180504
4.0,5.903904,69.307816,17.024702,6.7209806,0,20180504
5.0,4.6350136,71.21243,17.54622,10.894044,0,20180504
6.0,12.058122,66.328575,18.228867,10.2519455,0,20180504
7.0,13.014495,68.76883,17.405224,11.408419,0,20180504
8.0,13.256996,71.876945,16.365192,9.255545,0,20180504
1.0,0.05287053,64.70217,17.820343,12.6062765,0,20180505
2.0,1.0021639,65.67244,15.982227,8.600747,0,20180505
3.0,0.021292048,56.90239,18.330872,10.007831,0,20180505
4.0,0.017998682,56.752342,18.065502,10.366743,0,20180505
5.0,3.5969043,60.7068,18.825394,8.414952,0,20180505
6.0,1.4919418,60.90118,18.492353,10.880466,0,20180505
7.0,0.1648049,55.99957,18.838236,13.535525,0,20180505
8.0,0.17554766,58.61,17.430893,12.0732765,0,20180505
1.0,0.0664925,54.122982,19.130314,12.848393,0,20180506
2.0,0.40804496,53.14755,17.674166,9.198873,0,20180506
3.0,0.038576193,61.711166,18.336905,11.2008,0,20180506
4.0,0.00014104476,65.40079,18.537651,12.442628,0,20180506
5.0,0.15209794,48.12697,20.116339,9.627254,0,20180506
6.0,0.3264035,43.737743,20.402166,10.377978,0,20180506
7.0,0.15716536,54.38715,19.68077,13.791389,0,20180506
8.0,0.016601438,61.643883,18.8305,13.025803,0,20180506
1.0,0.46367374,68.15017,19.417736,10.431369,0,20180507
2.0,1.9489895,74.83675,17.063776,8.484022,0,20180507
3.0,1.1596267,83.49763,16.375711,9.403341,0,20180507
4.0,0.06291798,84.30391,15.909889,10.421025,0,20180507
5.0,0.6018644,59.639236,21.034546,9.045078,0,20180507
6.0,1.3187817,60.800163,20.312094,11.182097,0,20180507
7.0,0.38150686,70.70191,18.587719,14.756464,0,20180507
8.0,0.055973027,79.02981,17.02148,12.520283,0,20180507
1.0,2.788647,77.42272,17.18015,7.902487,0,20180508
2.0,3.8031454,81.10573,16.146368,5.908145,0,20180508
3.0,0.5059284,82.04221,17.339949,7.4830823,0,20180508
4.0,0.19182917,79.359276,18.038599,7.0985413,0,20180508
5.0,4.976785,76.76002,17.386747,6.9956365,0,20180508
6.0,4.2866282,68.19888,19.438465,12.178981,0,20180508
7.0,0.8171878,70.62133,19.614443,13.133733,0,20180508
8.0,0.15882862,75.08057,19.00769,9.689051,0,20180508
1.0,3.139105,65.02439,18.913746,11.118551,0,20180509
2.0,0.42121965,66.37867,17.413887,10.813372,0,20180509
3.0,0.061369993,70.72215,18.085161,9.728972,0,20180509
4.0,0.067084536,76.074234,17.416939,13.119673,0,20180509
5.0,6.242964,60.77345,19.855368,10.000783,0,20180509
6.0,2.9401069,67.01198,18.493816,12.871052,0,20180509
7.0,0.9383201,69.846924,17.978289,10.878117,0,20180509
8.0,0.2958048,73.87378,17.415876,12.867569,0,20180509
1.0,1.6761936,66.355515,19.67372,12.734299,0,20180510
2.0,3.3218527,68.99596,17.792986,10.404271,0,20180510
3.0,0.28444055,70.65233,18.760456,10.462182,0,20180510
4.0,0.023531197,73.36349,18.506355,13.511184,0,20180510
5.0,3.362589,56.179996,21.05967,9.311347,0,20180510
6.0,2.9315333,61.118786,19.931847,10.081385,0,20180510
7.0,1.9876232,64.03117,19.759304,11.551201,0,20180510
8.0,0.7315052,70.296005,18.946545,14.5294,0,20180510
8.0,0.052111506,71.2967,19.54619,13.676468,0,20180511
4.0,0.054933436,74.55445,18.862328,14.25942,0,20180511
7.0,1.1450478,65.23473,20.311352,14.119998,1,20180511
3.0,1.0745827,72.13641,19.169031,10.859216,0,20180511
6.0,0.85628796,58.614616,21.089363,11.955887,0,20180511
2.0,0.4930428,65.704765,18.910055,10.61037,0,20180511
5.0,1.5790632,55.67728,21.911348,9.5677,0,20180511
1.0,0.18322365,62.99587,20.48032,11.591661,0,20180511
1.0,0.75309926,66.494156,20.415546,12.422833,0,20180512
2.0,0.5491941,71.52201,18.265932,8.062909,0,20180512
3.0,0.16348018,78.72272,18.685505,7.970553,0,20180512
4.0,0.0046312823,81.9951,18.433107,12.048303,0,20180512
5.0,2.9816396,63.61729,21.367723,8.745725,0,20180512
6.0,6.159615,67.44528,19.7395,8.797971,0,20180512
7.0,2.5809104,70.431465,19.99263,11.024927,0,20180512
8.0,0.015228316,77.46434,19.427582,12.579762,0,20180512
8.0,0.0021914577,60.002373,21.294996,13.142975,0,20180513
4.0,0.01997395,61.154896,21.410828,11.711073,0,20180513
7.0,0.73256,56.337387,21.785486,11.888544,1,20180513
3.0,0.049432375,61.546783,20.862398,10.15057,0,20180513
6.0,4.0225005,51.126114,22.094164,10.7926655,0,20180513
2.0,2.3712716,52.79082,20.394829,8.258037,0,20180513
5.0,2.516139,48.163418,22.528194,8.331612,0,20180513
1.0,2.2990332,56.00576,21.470047,11.94555,0,20180513
1.0,0.19295864,63.226814,17.486588,12.432657,0,20180514
2.0,0.06359282,63.04901,17.652174,9.479112,0,20180514
3.0,0.037045438,68.059875,18.82359,9.13724,0,20180514
4.0,2.3319952,79.24258,17.174152,13.143643,0,20180514
5.0,0.003630817,53.54405,20.336824,9.513349,0,20180514
6.0,0.07142771,54.73788,21.40923,9.068052,0,20180514
7.0,0.0741436,61.95692,20.441858,11.638575,0,20180514
8.0,1.2161839,72.606346,18.610615,11.464501,0,20180514
1.0,0.30888087,56.055397,16.444283,9.487279,0,20180515
2.0,0.23538838,58.129765,14.30799,8.142956,0,20180515
3.0,0.77263325,69.22155,16.801231,6.6449323,0,20180515
4.0,2.6029763,78.60655,15.831052,7.4065037,0,20180515
5.0,0.0068162875,48.361195,17.978474,11.293588,0,20180515
6.0,0.15971713,59.573498,16.954325,15.868539,0,20180515
7.0,0.7345129,72.00054,16.55609,11.675806,0,20180515
8.0,2.947989,79.13327,14.984203,8.384343,0,20180515
1.0,3.1770892,51.593914,18.321857,9.923822,0,20180516
2.0,1.5777776,54.459248,17.244787,7.1842685,0,20180516
3.0,1.1344553,54.79045,18.746862,6.8407445,0,20180516
4.0,4.82891,61.507946,18.159225,8.493638,0,20180516
5.0,0.44951254,50.07788,18.707998,7.887507,0,20180516
6.0,0.5419093,51.232735,18.480946,10.135048,0,20180516
7.0,1.3984858,50.778107,19.11643,8.557976,0,20180516
8.0,6.4207144,58.403385,17.944366,9.326535,0,20180516
1.0,0.014198248,47.41533,20.533337,9.341551,0,20180517
2.0,0.0,44.11934,20.152279,6.6334486,0,20180517
3.0,0.0,50.68994,21.231256,8.361387,0,20180517
4.0,0.015796341,58.964195,21.090374,10.200226,0,20180517
5.0,0.00015605032,46.004074,20.262194,7.8932943,0,20180517
6.0,0.0,46.01175,20.875845,9.096638,0,20180517
7.0,0.0,48.203407,21.895947,9.462477,0,20180517
8.0,0.0,57.50842,20.676985,11.701373,0,20180517
1.0,5.5275936,84.92351,16.396141,6.3073173,0,20180518
2.0,1.7092379,83.66474,15.055919,9.412498,0,20180518
3.0,0.45080584,79.666504,16.851368,11.965002,0,20180518
4.0,0.64875257,84.45418,17.977907,11.290584,0,20180518
5.0,3.8475277,85.0496,16.471123,6.063946,0,20180518
6.0,1.5500896,75.53599,17.114216,10.038853,0,20180518
7.0,0.5784439,81.43043,16.428318,8.895746,0,20180518
8.0,0.60010636,81.85891,18.072989,17.20381,0,20180518
1.0,2.6172693,48.814983,20.936264,8.256997,0,20180519
2.0,3.6364608,60.163193,19.862923,5.3992457,0,20180519
3.0,1.8049513,62.289352,21.488218,7.8818197,0,20180519
4.0,0.11635222,71.70246,20.752289,7.1305056,0,20180519
5.0,3.4706907,48.71156,21.499977,5.833582,0,20180519
6.0,2.9651058,52.692955,21.14072,8.839254,0,20180519
7.0,2.0568945,55.0727,21.944439,9.985316,0,20180519
8.0,0.020513808,70.35676,20.210745,9.959759,0,20180519
1.0,0.0,48.504566,22.306301,8.592975,0,20180520
2.0,0.0,51.80133,21.008282,10.592806,0,20180520
3.0,0.10963552,42.454227,24.08574,13.387444,0,20180520
4.0,0.048830554,53.637238,23.323206,10.948344,0,20180520
5.0,0.0,43.05627,22.630981,9.189174,0,20180520
6.0,0.0,44.479168,22.710554,12.603727,0,20180520
7.0,0.048366893,43.39448,23.872643,12.996649,0,20180520
8.0,0.010985879,53.322792,21.967382,16.393469,0,20180520
1.0,0.04035534,65.32456,21.740023,8.477528,0,20180521
2.0,0.9387342,59.55385,21.537712,7.048439,0,20180521
3.0,0.31264228,53.427677,24.29906,7.9097037,0,20180521
4.0,0.35320488,56.525665,23.901398,8.312442,0,20180521
5.0,0.09156475,59.49495,22.036951,7.3282194,0,20180521
6.0,2.1532242,54.837597,22.455484,6.9769764,0,20180521
7.0,0.6293282,56.421284,23.579994,8.730974,0,20180521
8.0,0.6889763,59.220566,22.934702,9.380274,0,20180521
1.0,0.001828496,52.742214,24.21997,6.662316,0,20180522
2.0,0.9376327,49.53205,23.988855,7.3700843,0,20180522
3.0,0.08094376,45.258747,25.625301,11.098343,0,20180522
4.0,0.26121086,60.204086,24.3832,14.204902,0,20180522
5.0,1.8623307,50.876183,23.852655,9.436727,0,20180522
6.0,4.8172035,48.589207,24.394068,11.785419,0,20180522
7.0,0.47581562,47.301197,25.04103,12.134923,0,20180522
8.0,0.27994877,58.11182,23.440607,15.924124,0,20180522
1.0,13.30663,68.03207,18.872517,11.447198,0,20180523
2.0,12.380081,72.69436,17.700369,9.045093,0,20180523
3.0,3.3293622,76.352455,19.226643,11.76974,0,20180523
4.0,3.332265,84.186714,17.384903,15.524179,0,20180523
5.0,8.350393,63.98553,20.554844,10.32245,0,20180523
6.0,3.3150792,64.38662,20.47755,12.751343,0,20180523
7.0,2.3308532,65.587166,20.757206,16.100386,0,20180523
8.0,1.1199355,76.525986,19.17762,15.83603,0,20180523
1.0,3.1089854,67.92914,19.863337,7.920867,0,20180524
2.0,10.6626425,75.10517,18.140512,6.7511444,0,20180524
3.0,10.115832,85.62132,18.29094,11.29235,0,20180524
4.0,3.873154,87.65116,17.078188,16.30732,0,20180524
5.0,0.7974356,64.945946,20.548897,6.619221,0,20180524
6.0,0.75418204,67.207924,19.916756,9.607203,0,20180524
7.0,3.78198,79.16077,19.00155,9.172135,0,20180524
8.0,2.049347,85.04515,17.749926,15.185443,0,20180524
1.0,0.07047702,61.97501,23.357258,9.035091,0,20180525
2.0,0.28657958,65.41938,21.33529,6.2397747,0,20180525
3.0,1.5524824,76.519745,20.469007,8.734694,0,20180525
4.0,0.3891259,80.84439,20.775185,10.663031,0,20180525
5.0,0.03221443,52.67777,24.300724,8.411331,0,20180525
6.0,0.009215039,52.83977,23.80655,10.873975,0,20180525
7.0,0.6541599,63.81503,22.781218,12.783435,0,20180525
8.0,0.94642764,73.88786,21.988827,12.112231,0,20180525
1.0,0.09365639,50.687225,24.691727,10.649335,0,20180526
2.0,0.04651489,53.48355,23.626865,6.8455973,0,20180526
3.0,0.05595755,59.246128,24.572681,8.081626,0,20180526
4.0,0.020876758,53.5423,24.699549,7.6086907,0,20180526
5.0,0.0034975621,46.828068,25.732807,6.8650904,0,20180526
6.0,0.012515788,43.542217,25.679617,10.540193,0,20180526
7.0,0.022576755,49.076183,26.110167,10.235517,0,20180526
8.0,0.010205144,52.79876,24.724771,8.075152,0,20180526
1.0,0.0,48.585613,26.561167,6.553986,0,20180527
2.0,0.0,48.475437,25.100718,6.227335,0,20180527
3.0,0.0,47.990273,26.550789,7.551772,0,20180527
4.0,0.0,44.735317,26.293266,7.57921,0,20180527
5.0,0.0,43.968994,26.804901,7.0347443,0,20180527
6.0,0.0,44.70974,26.702517,8.856094,0,20180527
7.0,0.0,44.021954,27.104824,8.7607155,0,20180527
8.0,0.0,45.212353,25.904139,8.514238,0,20180527
8.0,0.0,57.456543,26.372417,8.408362,1,20180528
4.0,0.0,61.663635,26.714376,6.914862,0,20180528
7.0,0.08172007,44.146206,27.509283,8.230289,0,20180528
3.0,0.008463728,50.18318,26.995079,6.4920325,0,20180528
6.0,0.006673467,45.480167,26.995163,7.1017456,0,20180528
2.0,0.014925886,51.542698,25.815813,4.7015347,0,20180528
5.0,0.0011856889,44.6121,27.456182,6.0615234,0,20180528
1.0,0.052535713,49.108887,26.990458,7.947054,0,20180528
1.0,0.0,44.747177,27.153265,4.899214,0,20180529
2.0,0.007647009,50.86027,25.75198,4.724606,0,20180529
3.0,5.356299e-05,45.31252,27.012058,10.589635,0,20180529
4.0,0.02417298,56.940556,27.21746,12.456437,0,20180529
5.0,0.00042170612,44.492973,26.969189,8.180589,0,20180529
6.0,0.010366881,43.203354,27.023787,7.9857497,0,20180529
7.0,0.0061100144,45.829933,26.885778,10.99346,0,20180529
8.0,0.0018416744,57.092144,25.853586,14.547023,0,20180529
8.0,0.0,57.995102,25.723671,13.767896,0,20180530
4.0,0.0,62.628838,26.307074,10.65265,0,20180530
7.0,0.0,48.391884,26.620281,10.487934,1,20180530
3.0,0.0,44.68648,27.33132,8.9530735,0,20180530
6.0,0.0,47.290356,26.476532,8.568088,0,20180530
2.0,0.0,50.344078,25.323381,7.4236174,0,20180530
5.0,0.0,45.455162,26.421684,8.332405,0,20180530
1.0,0.0,44.620186,26.321856,9.432694,0,20180530
8.0,0.0,68.06484,24.970345,12.817776,0,20180531
4.0,0.0,73.949524,24.02968,13.673229,0,20180531
7.0,0.4256062,58.202168,25.756487,13.012474,0,20180531
3.0,0.00042850393,68.196785,24.173418,9.979552,0,20180531
6.0,0.59046453,54.901173,25.632858,11.464103,1,20180531
2.0,0.34573966,60.649323,24.336458,7.72561,0,20180531
5.0,0.39456716,53.024555,26.276535,9.116618,1,20180531
1.0,0.010069492,55.80094,26.249462,10.514407,0,20180531
8.0,0.0,53.89398,25.171457,11.640115,0,20180601
4.0,0.0,54.82216,24.044117,13.352829,0,20180601
7.0,0.33178943,56.678623,25.698591,11.4123535,0,20180601
3.0,0.010069842,65.371086,24.224585,8.269219,1,20180601
6.0,2.0179813,53.828846,25.81848,8.621496,0,20180601
2.0,1.5049257,65.39288,23.338585,5.903131,0,20180601
5.0,1.1015865,50.258118,27.27086,7.248186,0,20180601
1.0,0.11798874,56.603752,25.837902,9.189483,0,20180601
1.0,0.12924789,45.603493,27.182228,8.45106,0,20180602
2.0,0.9880645,50.775425,25.527925,5.7260904,0,20180602
3.0,0.023724284,59.109364,25.616714,7.5160685,0,20180602
4.0,0.0,64.48244,25.958591,10.5120535,0,20180602
5.0,1.4773201,44.913242,27.388844,7.8670597,0,20180602
6.0,0.47207388,47.883343,26.804693,8.376665,0,20180602
7.0,0.29941717,52.65024,27.0182,9.059441,0,20180602
8.0,0.0,60.54818,26.553673,10.244345,0,20180602
1.0,0.0,35.71862,28.97358,7.5539913,0,20180603
2.0,0.029563744,37.331562,27.628466,5.483507,0,20180603
3.0,5.356299e-05,39.034298,28.88333,7.747048,0,20180603
4.0,0.0,33.4085,28.602964,8.6488905,0,20180603
5.0,0.0023364068,33.841625,29.097994,8.022906,0,20180603
6.0,0.64829266,39.7902,27.865133,9.848178,0,20180603
7.0,0.55868995,38.911182,28.864786,10.838755,0,20180603
8.0,0.0,34.699093,28.029531,9.494088,0,20180603
8.0,0.01031208,35.07766,27.822075,12.304598,1,20180604
4.0,5.8718022e-05,35.259243,28.040655,9.905556,0,20180604
7.0,0.0,35.779716,29.393627,11.1236105,0,20180604
3.0,0.00013810197,36.683395,29.202156,8.488621,0,20180604
6.0,0.078844815,39.821323,28.44086,8.877238,0,20180604
2.0,0.0050503816,34.056484,28.527363,4.851249,0,20180604
5.0,0.00010392659,32.078598,28.583641,5.6358447,0,20180604
1.0,2.6952895e-05,32.161163,29.180964,5.9769573,0,20180604
8.0,0.0,68.20677,24.084013,16.490509,0,20180605
4.0,0.0,73.39917,23.610676,15.751601,0,20180605
7.0,0.0,58.382267,24.02478,13.092489,0,20180605
3.0,0.0,66.26944,23.198605,10.790012,0,20180605
6.0,0.0,52.110783,25.520039,10.993396,0,20180605
2.0,0.0,59.984035,21.285679,8.485871,0,20180605
5.0,0.0,50.041195,24.596643,11.392979,1,20180605
1.0,0.0,57.60283,22.642817,12.980872,0,20180605
1.0,0.016677871,53.39362,24.312342,11.014607,0,20180606
2.0,0.0,58.166462,22.088509,8.100927,0,20180606
3.0,0.029278116,62.27886,23.21133,10.506121,0,20180606
4.0,0.0002784016,71.699234,23.21602,14.571336,0,20180606
5.0,0.0011724813,45.064144,25.586456,7.958013,0,20180606
6.0,0.0,47.71525,24.690664,10.145873,0,20180606
7.0,0.0,54.82539,24.26999,13.520728,0,20180606
8.0,0.00011079433,66.06526,23.62143,15.198841,0,20180606
1.0,0.0,56.98634,25.92935,11.219818,0,20180607
2.0,0.0,52.59286,26.059816,10.321573,0,20180607
3.0,0.0,49.551895,26.51013,14.5836115,0,20180607
4.0,0.0,62.35365,26.092846,19.29629,0,20180607
5.0,0.0,53.269444,26.020788,11.34352,0,20180607
6.0,0.0,49.4101,26.961397,14.828495,0,20180607
7.0,0.0,52.249527,26.30473,13.925919,0,20180607
8.0,0.0,61.985332,25.157963,19.288467,0,20180607
1.0,0.0,62.267277,24.87225,15.761003,0,20180608
2.0,0.0,67.50879,23.252394,8.958442,0,20180608
3.0,0.0986617,80.52471,22.302284,10.969803,0,20180608
4.0,0.06791495,83.82777,21.25625,20.811186,0,20180608
5.0,0.0,60.358383,25.244965,10.329153,0,20180608
6.0,0.0,64.90243,25.056372,11.236239,0,20180608
7.0,0.0,66.93909,24.563978,13.3758135,0,20180608
8.0,0.00907257,77.51168,22.469116,19.662935,0,20180608
8.0,0.5059077,74.56414,20.865349,19.02884,0,20180609
4.0,0.79877555,79.56172,20.488192,20.219378,0,20180609
7.0,0.106731676,58.245422,23.015242,15.017136,1,20180609
3.0,0.6366632,71.16909,21.17842,14.135289,0,20180609
6.0,0.00082474673,54.760487,23.586731,13.984661,0,20180609
2.0,0.49901855,64.35941,19.639198,11.58141,0,20180609
5.0,0.0036028982,50.441822,23.664888,10.485382,0,20180609
1.0,0.89309496,59.267784,21.468185,12.16163,1,20180609
1.0,0.015255552,57.904995,24.397371,12.277633,0,20180610
2.0,0.05624987,61.591606,22.550901,10.508884,0,20180610
3.0,0.41542268,74.38641,22.113268,11.184755,0,20180610
4.0,0.1473715,79.705154,22.346874,14.787273,0,20180610
5.0,6.382039e-05,49.286366,25.620094,10.088342,0,20180610
6.0,0.0117905075,51.302322,24.889889,13.673413,0,20180610
7.0,0.09393476,63.807785,23.53955,13.815499,0,20180610
8.0,0.2546139,75.92762,22.564579,14.35859,0,20180610
1.0,0.0001025771,47.196938,28.856035,6.8692517,0,20180611
2.0,0.04161806,48.014267,27.709738,5.0879483,0,20180611
3.0,0.023025239,53.53572,27.827662,9.21307,0,20180611
4.0,0.0007948994,59.29069,28.242182,9.957151,0,20180611
5.0,0.00042170612,41.712852,29.213219,6.6216373,0,20180611
6.0,0.009325023,43.93323,28.492935,9.505742,0,20180611
7.0,0.008730784,45.275806,28.853443,12.05741,0,20180611
8.0,0.006690686,55.86498,27.899717,12.646113,0,20180611
1.0,0.0,38.117805,29.288376,11.083618,0,20180612
2.0,0.0,43.54197,28.283655,6.053763,0,20180612
3.0,0.0,54.338074,27.66137,8.339535,0,20180612
4.0,0.0,62.264233,27.719326,11.518868,0,20180612
5.0,0.0,38.370056,29.760515,8.91391,0,20180612
6.0,0.0,37.734116,29.893253,10.837261,0,20180612
7.0,0.0,44.111893,29.191366,11.763963,0,20180612
8.0,0.0,55.096287,28.712305,11.881866,0,20180612
8.0,0.0,70.06722,23.408379,11.377941,0,20180613
4.0,0.0,71.10812,23.997702,9.787436,0,20180613
7.0,0.0,59.20606,23.26199,10.520626,1,20180613
3.0,0.0,67.16344,23.49595,8.9679985,0,20180613
6.0,0.0,51.893578,24.837345,10.214249,1,20180613
2.0,0.0,57.611637,22.017487,6.962849,0,20180613
5.0,0.0,47.519222,25.02241,9.227704,0,20180613
1.0,0.0,52.743835,23.636717,9.889703,0,20180613
1.0,4.751421,66.44394,21.221176,11.039486,0,20180614
2.0,16.406345,76.537735,18.577013,8.8630085,0,20180614
3.0,14.5415745,74.538994,20.728712,8.050284,0,20180614
4.0,2.6509044,73.851395,21.955114,11.694647,0,20180614
5.0,0.78329325,57.060226,23.169756,7.393579,0,20180614
6.0,1.2562732,59.034348,22.53568,9.756249,0,20180614
7.0,3.5345387,67.95258,21.274055,10.808241,0,20180614
8.0,1.9767287,73.047165,21.29034,13.026624,0,20180614
1.0,4.648312,75.338135,19.453712,11.889814,0,20180615
2.0,3.0954647,72.075066,19.135553,5.204798,0,20180615
3.0,3.6273086,71.97908,20.775152,6.9729557,0,20180615
4.0,6.733727,75.77724,20.967957,14.098648,0,20180615
5.0,8.988119,73.63279,19.56285,11.763506,0,20180615
6.0,7.1715536,74.83512,19.509527,11.707378,0,20180615
7.0,3.9227061,73.19247,20.021255,8.807183,0,20180615
8.0,2.1470017,75.32683,20.174904,12.32789,0,20180615
1.0,2.0001612,58.750526,23.540798,12.273734,0,20180616
2.0,4.9532256,66.201454,21.253124,8.978836,0,20180616
3.0,15.846118,75.09684,22.14293,10.097144,0,20180616
4.0,48.086536,78.63247,20.779547,10.841693,0,20180616
5.0,2.294135,53.229073,23.945091,10.170385,0,20180616
6.0,4.1021547,56.491093,23.22327,13.669866,0,20180616
7.0,8.792574,65.08114,22.599768,16.419243,0,20180616
8.0,28.322788,73.798584,21.315859,12.214583,0,20180616
1.0,6.0808296,60.18139,23.639565,10.712127,0,20180617
2.0,3.860384,65.846054,21.451902,7.2092805,0,20180617
3.0,6.7403436,74.571846,22.324253,8.508373,0,20180617
4.0,18.022923,75.76968,21.206308,11.807313,0,20180617
5.0,6.236092,53.04087,24.913364,7.5004373,0,20180617
6.0,7.6806474,56.10669,23.501328,6.9708104,0,20180617
7.0,8.030819,69.7735,22.117432,10.426424,0,20180617
8.0,6.319069,73.402084,21.328358,13.436134,0,20180617
1.0,5.02726,65.49469,24.247086,8.821058,0,20180618
2.0,5.095466,64.80323,22.637049,6.3846784,0,20180618
3.0,16.881214,76.34131,22.439987,8.628436,0,20180618
4.0,31.36116,81.6354,20.131517,11.362549,0,20180618
5.0,8.536981,53.141865,25.517021,7.4190702,0,20180618
6.0,1.4251862,53.924465,24.259718,10.278411,0,20180618
7.0,11.556058,67.8325,23.51646,11.725969,0,20180618
8.0,8.277593,74.19461,21.707565,13.624689,0,20180618
1.0,8.252713,60.855286,24.268456,15.425044,0,20180619
2.0,10.771193,67.04711,22.080435,11.449334,0,20180619
3.0,11.019366,75.19785,23.236107,9.698677,0,20180619
4.0,13.608424,83.844666,20.60643,12.746894,0,20180619
5.0,4.2784514,57.286037,24.736074,12.17997,0,20180619
6.0,0.8765494,56.23497,24.822458,20.305733,0,20180619
7.0,7.9587054,62.070843,24.932709,15.452943,0,20180619
8.0,5.790617,80.12634,20.826086,13.047698,0,20180619
1.0,6.8564243,63.079105,24.3268,6.794074,0,20180620
2.0,1.2359599,64.13718,23.022007,6.1946774,0,20180620
3.0,9.054462,60.70102,25.50511,8.193507,0,20180620
4.0,12.606519,70.12466,23.051708,10.564549,0,20180620
5.0,0.9107252,55.834778,25.3798,5.703072,0,20180620
6.0,0.096943766,55.265972,25.402195,8.295704,0,20180620
7.0,1.4916985,55.66851,25.988106,8.158192,0,20180620
8.0,14.708186,65.1394,23.692175,11.637886,0,20180620
1.0,5.5957646,46.317364,26.31099,8.346113,0,20180621
2.0,13.0744295,58.41983,23.217752,4.6550546,0,20180621
3.0,4.996151,62.03185,24.982458,7.3503413,0,20180621
4.0,5.4474654,65.93225,22.845764,10.171917,0,20180621
5.0,3.016016,48.05422,26.207184,8.884885,0,20180621
6.0,0.6724349,50.55093,25.731321,8.68085,0,20180621
7.0,2.0622306,52.065083,25.897726,9.715397,0,20180621
8.0,2.1963696,62.186104,23.539074,12.416505,0,20180621
1.0,2.9194624,57.654285,25.064344,11.593688,0,20180622
2.0,4.9236984,60.958134,23.549932,8.860977,0,20180622
3.0,2.2124794,66.48714,24.555079,9.759016,0,20180622
4.0,4.6982713,64.6163,24.117712,12.241837,0,20180622
5.0,0.64123917,48.65049,27.12419,9.221893,0,20180622
6.0,2.3533375,47.415867,27.100405,11.228318,0,20180622
7.0,2.0127108,57.700962,25.921665,13.423346,0,20180622
8.0,3.4493337,62.385868,24.707176,12.253552,0,20180622
8.0,0.30767497,66.93029,23.14229,12.594526,0,20180623
4.0,0.48111406,66.03692,24.38229,10.612143,0,20180623
7.0,1.7169118,67.76561,23.221018,10.808771,0,20180623
3.0,1.3181096,67.12601,24.181467,8.638163,0,20180623
6.0,0.6790541,60.261856,22.645689,14.140873,1,20180623
2.0,0.16094619,66.40977,20.954906,11.534511,0,20180623
5.0,0.24905914,57.205956,22.474115,12.004057,0,20180623
1.0,0.035416365,63.105812,21.864939,16.145437,0,20180623
8.0,6.1217647,65.018456,21.440033,11.133027,0,20180624
4.0,4.299716,62.548195,22.536407,11.231491,0,20180624
7.0,1.4448425,59.205345,21.896765,8.770116,1,20180624
3.0,3.1395454,63.760666,22.268297,6.301041,0,20180624
6.0,0.1316051,50.323685,21.437828,10.491981,0,20180624
2.0,1.9196572,65.68785,18.880478,5.9387665,0,20180624
5.0,0.065586284,44.773357,22.889418,8.230394,0,20180624
1.0,0.69990337,46.844456,22.843155,8.461505,0,20180624
1.0,0.0,45.901947,21.52023,12.265585,0,20180625
2.0,0.5135366,52.86145,19.703093,6.0643053,0,20180625
3.0,7.070077,58.010773,21.039602,5.6061826,0,20180625
4.0,9.543187,60.58745,19.684584,9.2046795,0,20180625
5.0,0.0059038857,44.00931,21.949963,8.639285,0,20180625
6.0,0.65564555,51.927513,21.171148,10.819235,0,20180625
7.0,3.908025,57.63936,20.469757,8.637962,0,20180625
8.0,12.401707,65.23213,17.684853,12.187146,0,20180625
1.0,0.30317435,75.25997,17.89762,16.064177,0,20180626
2.0,1.7130678,73.594215,16.2017,15.159821,0,20180626
3.0,0.6491127,65.43944,19.251377,12.680064,0,20180626
4.0,5.224603,69.064156,19.473618,18.076777,0,20180626
5.0,5.047976,80.9501,17.049086,14.859685,0,20180626
6.0,17.28297,84.5062,16.662384,15.359179,0,20180626
7.0,3.2827823,72.36237,18.12921,12.8477545,0,20180626
8.0,2.882838,66.76674,19.520077,18.071344,0,20180626
8.0,2.888372,62.119728,20.839037,16.999895,1,20180627
4.0,5.8195915,63.463398,20.602032,19.84028,0,20180627
7.0,2.972085,59.3746,21.03371,13.19705,0,20180627
3.0,1.0221448,60.24907,21.556198,12.541611,0,20180627
6.0,10.359374,57.056442,20.684822,11.891585,0,20180627
2.0,2.7125835,63.252106,18.928612,7.012361,0,20180627
5.0,6.271348,55.41534,21.263536,9.964221,0,20180627
1.0,2.1998267,55.73508,21.276047,12.248265,0,20180627
1.0,3.0235507,50.988518,21.908182,15.255599,0,20180628
2.0,10.356243,52.888885,19.78846,13.025747,0,20180628
3.0,6.406101,52.622917,22.081614,14.017117,0,20180628
4.0,0.4379349,65.48514,21.561228,17.822927,0,20180628
5.0,7.49046,46.50475,22.945005,9.841976,0,20180628
6.0,5.2369723,47.749836,22.660898,11.797022,0,20180628
7.0,7.095083,49.589123,22.360523,14.972838,0,20180628
8.0,0.7448705,59.938614,21.746576,18.13844,0,20180628
8.0,0.0015346227,65.949905,23.108858,14.01536,1,20180629
4.0,0.0013781064,65.97086,23.942884,10.710311,0,20180629
7.0,0.32616487,68.36903,21.21599,8.53416,0,20180629
3.0,0.5250643,66.71283,22.223158,7.5600896,0,20180629
6.0,2.2768323,71.87262,20.44694,7.580833,0,20180629
2.0,3.6602268,86.495705,17.067585,7.3673034,0,20180629
5.0,0.8627169,65.777596,21.678059,7.3323736,0,20180629
1.0,0.3633684,66.39881,21.179821,8.732017,0,20180629
1.0,0.28916386,59.507706,24.136084,11.286119,0,20180630
2.0,0.23863351,65.09997,22.210922,8.524164,0,20180630
3.0,0.061868787,67.365265,23.231327,11.665475,0,20180630
4.0,0.0030991123,68.18767,24.081715,15.163349,0,20180630
5.0,0.49511197,53.119747,25.563374,9.331737,0,20180630
6.0,0.24656664,52.83716,25.10228,8.586834,0,20180630
7.0,0.08117013,61.843815,23.989756,12.543478,0,20180630
8.0,0.0,64.62414,24.588146,16.129347,0,20180630
8.0,0.006819893,59.320274,27.483135,11.48413,0,20180701
4.0,0.00072529895,60.837776,27.920181,11.454568,0,20180701
7.0,0.010550523,49.89006,28.495626,11.469042,0,20180701
3.0,0.015015462,53.67135,28.234793,7.9060264,1,20180701
6.0,0.0006834415,46.263584,28.376179,10.766229,0,20180701
2.0,0.0065461905,51.350365,27.595304,3.6576066,0,20180701
5.0,0.0,42.818176,29.25415,7.689676,0,20180701
1.0,0.0,46.70399,28.911753,8.707854,1,20180701
8.0,4.513283e-05,50.61082,29.039398,16.824793,0,20180702
4.0,0.00453401,51.137707,29.019926,15.455477,0,20180702
7.0,0.0,46.051003,29.510191,11.799187,0,20180702
3.0,0.0,47.081177,29.5894,9.633366,0,20180702
6.0,0.0,43.159283,29.529987,10.751094,0,20180702
2.0,0.0,41.125874,28.935581,10.045443,0,20180702
5.0,0.0,39.24732,29.949389,9.950782,0,20180702
1.0,0.0,39.263874,29.996365,11.311743,1,20180702
8.0,0.0,67.77698,28.304398,10.081018,0,20180703
4.0,0.0,75.277596,27.268139,12.357685,0,20180703
7.0,0.0,58.27314,28.286829,12.792629,0,20180703
3.0,0.0,68.28481,26.68201,9.649473,0,20180703
6.0,0.0,46.068813,28.954205,10.618556,0,20180703
2.0,0.0,50.8097,28.028854,7.0404882,0,20180703
5.0,0.0,44.755585,29.398157,9.005257,0,20180703
1.0,0.0,50.004433,28.908787,10.8285885,1,20180703
8.0,0.013821045,65.86917,26.872017,12.977851,0,20180704
4.0,0.011727923,70.16447,26.5298,13.531628,0,20180704
7.0,0.0,56.32653,27.367281,13.84739,0,20180704
3.0,0.0,67.2479,26.11773,9.191853,0,20180704
6.0,0.0,45.135124,28.216902,10.982778,2,20180704
2.0,0.0,51.1682,26.540258,7.057285,0,20180704
5.0,0.0,42.697388,29.145935,8.467152,0,20180704
1.0,0.0,50.887547,27.917511,9.54693,1,20180704
8.0,0.00015690587,43.65513,30.416811,13.2322445,0,20180705
4.0,0.0029452278,45.413246,31.218525,11.920496,0,20180705
7.0,0.0012293067,40.248306,31.18524,11.219362,0,20180705
3.0,0.024086641,38.50088,31.34577,7.2843094,0,20180705
6.0,0.0,36.27142,30.50979,10.087934,0,20180705
2.0,0.00027287938,34.234497,30.788574,7.0684977,1,20180705
5.0,0.0,35.64488,31.193241,8.738233,0,20180705
1.0,0.0,38.469444,31.447521,7.169409,0,20180705
8.0,0.0,69.91367,26.255209,17.64886,0,20180706
4.0,0.0,76.18109,25.30838,16.856157,0,20180706
7.0,0.0,56.156284,27.82138,14.774071,0,20180706
3.0,0.0,67.66691,26.461693,10.709078,0,20180706
6.0,0.0,42.273575,29.85671,12.753386,0,20180706
2.0,0.0,56.165035,26.13653,8.6061,0,20180706
5.0,0.0,40.61706,30.088583,8.66246,1,20180706
1.0,0.0,52.764915,27.677212,13.0126915,1,20180706
8.0,0.015970701,65.00659,25.531317,17.012186,0,20180707
4.0,0.026852053,70.30275,25.05886,14.484284,0,20180707
7.0,0.07418036,55.529297,26.215609,15.887908,0,20180707
3.0,0.071931995,61.95719,25.609587,12.078335,0,20180707
6.0,0.0,49.783787,26.735264,11.690391,1,20180707
2.0,0.0,55.011528,24.30115,11.021204,0,20180707
5.0,0.0,46.91891,27.45315,10.110523,1,20180707
1.0,0.0,54.01668,26.053764,14.0990305,1,20180707
8.0,0.6261024,69.65965,25.031946,13.790218,0,20180708
4.0,2.033543,78.079,23.792482,14.140751,0,20180708
7.0,0.08820061,52.839527,26.609722,16.023005,1,20180708
3.0,0.35348597,66.30435,25.296072,11.69551,0,20180708
6.0,0.0,40.84627,27.00377,14.121384,2,20180708
2.0,0.034389082,48.159004,24.959482,9.449769,2,20180708
5.0,0.0,40.233925,27.49806,11.1775875,0,20180708
1.0,0.00040689393,45.81263,27.18107,9.857427,1,20180708
8.0,2.4664485,70.72447,24.467136,13.76646,0,20180709
4.0,1.5350306,76.147995,24.50343,12.750292,0,20180709
7.0,1.4266158,55.572372,25.485107,16.181953,0,20180709
3.0,6.8707895,66.12931,24.665312,11.846652,1,20180709
6.0,0.05465367,44.18669,25.771063,15.089583,0,20180709
2.0,0.36762878,49.608547,24.006525,11.8889885,1,20180709
5.0,0.20773935,39.03896,26.505064,11.790049,1,20180709
1.0,0.0048349244,42.617065,26.06104,11.280284,0,20180709
1.0,0.03549343,46.662186,25.780586,13.946062,0,20180710
2.0,0.00040709987,54.463886,23.482204,9.041604,0,20180710
3.0,0.15452074,57.142033,25.936214,8.802784,0,20180710
4.0,0.17145959,63.424892,25.999418,8.908349,0,20180710
5.0,0.013308966,41.373283,26.271421,8.904205,0,20180710
6.0,0.00436921,42.353004,25.87685,11.437534,0,20180710
7.0,0.062678315,53.514275,25.471031,11.278322,0,20180710
8.0,0.8992568,61.573887,25.20863,12.239979,0,20180710
8.0,0.006819893,52.583256,27.11861,11.649517,0,20180711
4.0,0.00072529895,56.416065,27.30607,11.813361,0,20180711
7.0,0.5900727,43.825275,28.167894,10.916781,0,20180711
3.0,0.074393295,49.94291,27.50741,7.206011,0,20180711
6.0,0.020026589,41.130314,28.134731,9.986489,0,20180711
2.0,0.046437673,44.362873,26.881254,5.0980754,1,20180711
5.0,0.0,37.16966,29.046762,8.420161,0,20180711
1.0,0.0,42.93496,28.57534,11.18513,0,20180711
8.0,0.0,55.229187,27.819878,13.999767,0,20180712
4.0,0.0,60.6351,27.390787,14.820236,0,20180712
7.0,0.0,45.865788,28.327253,14.379702,0,20180712
3.0,0.0,54.233757,27.37662,9.891206,0,20180712
6.0,0.0,39.867493,28.894299,12.573942,0,20180712
2.0,0.0,50.728676,26.702421,8.203503,0,20180712
5.0,0.0,39.14834,29.681522,8.515431,0,20180712
1.0,0.0,45.11315,28.222332,13.466902,2,20180712
8.0,0.0,47.26976,29.709549,11.639985,0,20180713
4.0,0.0,49.952595,29.881075,10.811858,0,20180713
7.0,0.0,40.11521,30.03303,13.432638,0,20180713
3.0,0.0,46.825436,29.330755,9.43257,1,20180713
6.0,0.0,36.125916,29.753044,12.504965,0,20180713
2.0,0.0,40.7361,28.57762,9.23687,0,20180713
5.0,0.0,31.190807,30.774912,10.006034,0,20180713
1.0,0.0,35.07262,30.1874,10.884743,1,20180713
8.0,0.0,51.256134,29.357338,10.663579,0,20180714
4.0,0.0,55.049595,29.820803,10.301478,0,20180714
7.0,0.0,42.597294,30.231903,10.922926,0,20180714
3.0,0.0,50.337948,29.41536,8.54269,0,20180714
6.0,0.0,42.038208,29.63674,9.828396,1,20180714
2.0,0.0,44.16623,28.944569,5.782824,0,20180714
5.0,0.0,39.789715,30.215557,7.931167,0,20180714
1.0,0.0,41.655933,30.227623,7.8056273,0,20180714
8.0,0.0,65.84988,28.619959,11.712138,1,20180715
4.0,0.024572086,74.20542,27.62669,11.114865,0,20180715
7.0,0.0,47.98754,30.464308,10.514389,1,20180715
3.0,0.0,62.706757,28.564575,8.817095,0,20180715
6.0,0.0,43.356216,30.409294,9.520466,1,20180715
2.0,0.0,56.074856,28.742764,6.7114024,1,20180715
5.0,0.0,41.295517,30.857801,9.842007,0,20180715
1.0,0.0,48.268936,30.48269,12.369935,1,20180715
8.0,0.0,64.95578,29.252062,11.219992,0,20180716
4.0,0.0,70.115005,28.597662,10.895354,0,20180716
7.0,0.0,54.321354,29.686653,14.192623,1,20180716
3.0,0.0,63.610558,28.3793,8.754716,0,20180716
6.0,0.0,40.083206,31.313864,11.098085,1,20180716
2.0,0.0,47.421413,28.690136,7.4864016,1,20180716
5.0,0.0,33.828617,32.421947,8.645773,1,20180716
1.0,0.0,43.13066,30.51414,10.906416,0,20180716
8.0,0.012894144,71.02649,25.071003,23.963207,4,20180717
4.0,0.0013915006,74.71304,24.603231,22.272564,0,20180717
7.0,0.029107107,63.386738,25.63645,18.195576,0,20180717
3.0,0.07485037,70.04273,24.696701,18.125132,0,20180717
6.0,0.00023919402,55.00924,27.229431,12.638126,0,20180717
2.0,0.16211432,72.7766,22.113434,13.348597,1,20180717
5.0,0.005717057,54.24257,26.177555,10.515799,1,20180717
1.0,0.45510018,66.12622,23.849144,14.470921,0,20180717
8.0,1.8047186,71.20159,25.180523,14.324248,0,20180718
4.0,1.5073371,75.34462,24.388481,15.416853,0,20180718
7.0,2.5283835,60.00271,26.774666,13.937115,0,20180718
3.0,4.135583,72.03433,25.463436,11.796835,0,20180718
6.0,0.031608652,41.74139,27.844522,13.171587,1,20180718
2.0,1.2525532,52.19722,25.6127,9.898968,0,20180718
5.0,0.31812897,38.815357,28.587557,11.83514,1,20180718
1.0,0.8245485,49.406113,27.655184,13.905437,0,20180718
8.0,0.025925562,49.54339,29.027082,10.343776,0,20180719
4.0,0.012239774,52.375088,29.088652,9.087358,0,20180719
7.0,0.026983744,46.930904,29.360577,9.414852,1,20180719
3.0,0.085895814,55.876377,28.268906,7.251871,0,20180719
6.0,0.0006834415,37.60192,29.785912,9.455383,1,20180719
2.0,0.051403303,48.023537,27.754623,6.7146754,0,20180719
5.0,0.0034695296,36.27866,30.484484,8.781522,0,20180719
1.0,0.049268685,43.48787,29.526993,8.917459,0,20180719
1.0,0.0,47.297356,29.3794,12.076569,0,20180720
2.0,0.0,52.57365,27.208014,8.079822,0,20180720
3.0,0.009163997,62.379025,27.299923,9.47456,0,20180720
4.0,0.0,65.37421,27.524794,13.160922,0,20180720
5.0,0.0,36.72741,30.603306,8.479134,0,20180720
6.0,0.0,34.63171,29.987486,11.83181,0,20180720
7.0,0.00090133544,50.52158,28.983427,14.393174,0,20180720
8.0,0.00015690587,60.459545,28.275076,13.568792,0,20180720
8.0,0.00015690587,32.611835,30.522867,8.606205,0,20180721
4.0,0.0,30.455376,31.522058,8.617996,0,20180721
7.0,0.0027341547,31.508747,31.576328,11.561904,1,20180721
3.0,0.014968038,34.227497,31.11602,6.6523776,0,20180721
6.0,0.0006834415,28.827719,31.76707,10.750354,0,20180721
2.0,0.0121126715,32.159542,30.916979,4.649236,1,20180721
5.0,0.0,27.233393,31.862803,7.4305687,0,20180721
1.0,0.0,28.709963,32.00252,7.173607,2,20180721
8.0,0.05063128,51.88096,31.402916,18.035688,3,20180722
4.0,0.022428343,58.05769,30.401237,15.670763,0,20180722
7.0,0.03230018,43.064083,31.051403,13.77476,0,20180722
3.0,0.06189574,53.042603,29.240564,11.918367,0,20180722
6.0,0.00010348842,33.116592,32.30367,12.520114,4,20180722
2.0,0.010497504,44.3582,28.23923,10.596061,2,20180722
5.0,0.0,35.52851,31.731182,11.443523,0,20180722
1.0,0.0,46.47748,29.283335,14.2554455,1,20180722
8.0,0.049849816,58.20582,26.162788,15.195381,2,20180723
4.0,0.00729499,58.161156,26.097301,14.225883,0,20180723
7.0,0.17288126,53.290905,28.048613,18.676994,0,20180723
3.0,0.060121547,58.916447,27.298006,15.253686,0,20180723
6.0,8.461869e-06,47.95545,28.831465,12.901164,2,20180723
2.0,0.011939667,53.889717,25.521961,12.488447,0,20180723
5.0,0.0,44.1071,27.823301,12.214347,0,20180723
1.0,0.0,49.76038,25.84153,12.961484,0,20180723
8.0,0.8223207,61.845848,25.465017,14.628429,1,20180724
4.0,0.86250204,66.88108,25.148603,16.831926,0,20180724
7.0,1.4516243,50.062786,26.481335,12.501742,2,20180724
3.0,2.0464933,54.956753,26.245657,10.057014,0,20180724
6.0,0.3241984,47.71044,26.270987,13.382949,0,20180724
2.0,1.2960027,53.968903,24.307573,6.1818314,0,20180724
5.0,1.1355981,47.5586,26.642742,9.683182,0,20180724
1.0,2.5780013,50.09543,26.498865,9.966161,0,20180724
8.0,2.570844,70.54867,25.813591,11.848068,0,20180725
4.0,11.774979,75.85561,25.368294,13.776175,0,20180725
7.0,1.789936,53.447094,27.15404,14.018654,1,20180725
3.0,10.12073,68.1382,25.755022,10.631388,0,20180725
6.0,0.010070346,38.142918,28.059984,11.678891,1,20180725
2.0,0.968039,51.22073,25.200018,9.630314,0,20180725
5.0,0.024136886,35.64385,28.897135,8.555055,0,20180725
1.0,1.1754243,47.13085,27.596027,9.5649605,0,20180725
8.0,4.629153,74.54191,24.68747,14.326365,0,20180726
4.0,12.072408,78.71025,24.384796,14.570251,0,20180726
7.0,1.8661338,58.191914,26.598045,12.263444,0,20180726
3.0,3.6971827,70.84078,25.736696,11.239787,0,20180726
6.0,1.2546637,41.700203,27.895065,9.623137,0,20180726
2.0,1.1129608,55.898304,25.272614,8.508387,0,20180726
5.0,1.4164793,41.634857,28.630688,7.698793,0,20180726
1.0,1.5406601,53.02701,27.308949,9.16754,1,20180726
8.0,2.8747907,61.324257,27.236052,12.089338,1,20180727
4.0,0.69028825,61.74135,27.249723,11.089628,0,20180727
7.0,14.707401,58.430237,27.115486,13.332404,0,20180727
3.0,3.61099,66.11393,27.080027,10.14635,0,20180727
6.0,1.3233976,47.83081,27.973026,14.063766,0,20180727
2.0,2.5372972,58.619648,25.611116,8.777315,0,20180727
5.0,1.6506624,46.349476,28.423763,10.034255,0,20180727
1.0,3.2999375,54.96312,27.344692,9.791055,0,20180727
8.0,0.0069767986,56.226,28.014803,13.247055,0,20180728
4.0,0.00072529895,57.43022,27.501415,12.615209,0,20180728
7.0,0.95706654,56.025818,28.065945,13.300354,0,20180728
3.0,0.07774291,61.362236,27.21338,10.417778,1,20180728
6.0,3.5259464,47.321438,28.322296,11.896546,0,20180728
2.0,0.3436284,51.74949,26.47814,8.655914,0,20180728
5.0,2.2751215,44.730515,28.644577,9.80781,0,20180728
1.0,0.0554179,49.671227,27.971336,9.328831,3,20180728
1.0,0.12497523,55.37645,28.197077,9.098012,0,20180729
2.0,0.05040947,62.03385,25.952656,7.9392624,0,20180729
3.0,0.025168153,69.73388,26.666883,11.780464,0,20180729
4.0,0.0029452278,73.00721,26.693193,15.800028,0,20180729
5.0,3.8928773,51.753944,28.764366,8.545159,0,20180729
6.0,0.018474212,49.362972,28.306602,10.542431,0,20180729
7.0,0.08550874,62.75802,27.291723,13.474913,0,20180729
8.0,0.0007262747,67.35458,27.780252,16.005653,0,20180729
8.0,0.20266479,61.65062,28.369158,14.807589,1,20180730
4.0,0.03806412,65.33178,27.138868,13.912712,0,20180730
7.0,3.8313925,55.63012,29.287573,12.668596,1,20180730
3.0,0.1424262,66.65754,27.965235,9.342425,1,20180730
6.0,5.1274137,43.643017,29.828217,11.2973795,0,20180730
2.0,2.849902,54.38145,27.793066,5.6946163,0,20180730
5.0,2.8308837,42.81253,30.64817,6.665307,0,20180730
1.0,1.1540297,48.14088,30.474508,8.043203,0,20180730
8.0,0.0,69.44543,28.950668,14.332893,0,20180731
4.0,0.0,77.12493,27.690605,13.255426,0,20180731
7.0,0.03667787,57.879307,29.535421,14.515191,0,20180731
3.0,0.25320593,68.90476,27.946016,10.263977,1,20180731
6.0,0.0033431828,43.872086,30.44101,13.257728,0,20180731
2.0,0.8941166,53.49884,28.49704,7.1932144,0,20180731
5.0,0.29102692,42.961292,31.252373,7.9344335,0,20180731
1.0,3.8505802,49.32244,30.87919,8.467933,0,20180731
8.0,0.03241208,64.433586,29.00778,13.066017,0,20180801
4.0,0.0006127011,69.49896,28.62403,11.818363,0,20180801
7.0,0.7840978,53.192493,30.02348,9.963415,0,20180801
3.0,0.61578095,64.83078,28.750544,8.5231695,0,20180801
6.0,0.41117746,43.260048,30.427195,9.020592,1,20180801
2.0,1.4742957,55.358047,28.216986,6.1512256,1,20180801
5.0,0.69995403,40.11687,31.60026,6.7772956,0,20180801
1.0,1.187687,48.863747,30.834131,7.780486,0,20180801
1.0,5.512723,54.59906,28.800783,8.10392,0,20180802
2.0,3.702006,53.807602,28.226358,6.1457825,0,20180802
3.0,1.2546372,66.26338,28.576046,8.550919,0,20180802
4.0,0.10814884,72.82847,28.04587,11.732878,0,20180802
5.0,0.9125954,43.297684,30.77181,7.4901934,0,20180802
6.0,0.7452452,50.78469,28.738184,10.816276,0,20180802
7.0,3.1430628,58.926594,29.046509,9.970313,0,20180802
8.0,0.2123351,68.98992,28.316431,10.800366,0,20180802
8.0,2.2152832,69.02364,27.63895,11.156666,1,20180803
4.0,2.7853956,70.542496,28.188326,10.685334,0,20180803
7.0,3.486819,64.591095,27.056837,12.456424,0,20180803
3.0,4.291963,68.68728,27.707932,8.677967,0,20180803
6.0,2.8653917,54.430286,27.967089,10.519383,0,20180803
2.0,2.5733247,61.80031,26.395239,5.8609767,0,20180803
5.0,1.2519926,49.038074,28.929506,6.8023596,0,20180803
1.0,3.696341,53.956295,28.515694,7.91425,1,20180803
1.0,8.410694,58.70716,26.905222,6.4082146,0,20180804
2.0,10.190991,64.465706,24.871403,4.053443,0,20180804
3.0,3.9626575,66.172356,26.585018,6.2660446,0,20180804
4.0,0.69705594,72.03952,27.080927,11.537554,0,20180804
5.0,4.9964814,53.84612,28.31261,6.0351434,0,20180804
6.0,2.8142211,60.9353,26.908775,10.838369,0,20180804
7.0,11.6387415,64.42496,26.731258,9.296065,0,20180804
8.0,4.970055,73.59982,25.31058,10.786833,0,20180804
8.0,6.4811635,65.63654,25.375832,13.074234,0,20180805
4.0,7.5696993,70.5315,24.743338,13.01146,0,20180805
7.0,1.7110589,51.92556,29.093103,11.709764,0,20180805
3.0,4.0058875,52.267155,28.878502,10.184904,0,20180805
6.0,0.42969206,54.32744,27.664906,10.234676,1,20180805
2.0,2.6330776,53.026237,26.654964,7.29944,0,20180805
5.0,0.15297492,48.097454,28.49419,8.561948,1,20180805
1.0,0.2676894,48.74417,28.81976,10.591512,0,20180805
1.0,0.18556294,45.97285,28.918715,6.309529,0,20180806
2.0,6.195211,53.235928,27.046646,4.246882,0,20180806
3.0,1.8042375,55.97258,28.734255,7.7485366,0,20180806
4.0,3.0350325,59.151512,28.059,9.0812645,0,20180806
5.0,0.67128664,46.5727,29.227526,5.3516507,0,20180806
6.0,0.77017415,49.48708,28.765478,9.591766,0,20180806
7.0,0.3889241,52.09145,28.71736,9.336557,0,20180806
8.0,1.7640634,57.27965,27.830477,8.403607,0,20180806
1.0,0.36435485,39.819572,29.665354,8.30594,0,20180807
2.0,0.33247223,46.862896,28.07846,4.8085437,0,20180807
3.0,0.22896108,51.60577,29.825748,8.750795,0,20180807
4.0,1.8137908,57.584496,28.907797,10.810348,0,20180807
5.0,0.010496315,38.858494,30.052143,7.7872257,0,20180807
6.0,0.05230063,44.421284,29.546864,9.146869,0,20180807
7.0,0.19445941,49.87743,29.724817,11.118928,0,20180807
8.0,1.4831679,57.260822,28.54167,12.609492,0,20180807
8.0,0.11844009,49.697556,28.285582,9.568975,0,20180808
4.0,0.071743935,51.233086,28.343155,8.457905,0,20180808
7.0,0.0,43.672276,29.942991,8.237666,0,20180808
3.0,0.0,46.944824,29.602476,7.6828055,0,20180808
6.0,0.0628876,44.96045,29.46244,8.983336,0,20180808
2.0,0.085968874,47.678963,27.5162,5.0769563,1,20180808
5.0,0.18279055,42.46743,29.396702,7.666275,0,20180808
1.0,0.20171691,39.20745,29.902683,6.3777742,0,20180808
8.0,0.12925714,57.872276,28.715622,8.671206,0,20180809
4.0,0.41549915,64.34648,28.35977,9.408411,0,20180809
7.0,0.00031146436,44.858757,30.267805,9.430765,0,20180809
3.0,0.33038276,56.671516,29.222095,7.1754947,0,20180809
6.0,0.10441306,41.798244,30.02913,8.181483,0,20180809
2.0,0.086400986,44.982285,28.582357,3.4940639,0,20180809
5.0,0.6736997,36.766155,30.61533,6.2757235,0,20180809
1.0,0.003846875,36.84956,30.938532,7.226233,3,20180809
8.0,1.108467,65.18422,28.643093,13.125197,1,20180810
4.0,4.636056,70.8962,27.853094,13.0895195,0,20180810
7.0,0.6132374,52.863792,30.07893,10.916825,1,20180810
3.0,1.4333414,65.16605,28.722271,8.230976,0,20180810
6.0,0.18669447,38.56544,30.763145,8.943733,0,20180810
2.0,1.0080929,48.39087,28.772045,4.7863464,0,20180810
5.0,0.038124666,36.76643,31.467422,6.6600547,0,20180810
1.0,0.43422562,43.802834,31.342838,8.046102,0,20180810
8.0,0.026140232,66.893684,28.799023,12.994859,0,20180811
4.0,0.012284875,71.741615,27.8137,12.712858,0,20180811
7.0,1.6838753,58.62854,28.920782,11.498043,1,20180811
3.0,0.38016617,67.68769,28.40473,8.825555,0,20180811
6.0,0.08340037,45.51525,30.42945,9.163302,1,20180811
2.0,0.8652044,56.25622,27.985989,7.394176,0,20180811
5.0,0.0048608356,42.088657,31.391916,7.995681,0,20180811
1.0,1.157851,52.09098,30.463737,8.432178,0,20180811
8.0,1.0457848,64.89243,28.724432,9.465148,0,20180812
4.0,0.59635574,69.490005,28.070276,9.175623,0,20180812
7.0,4.1721644,53.469078,30.106443,8.817605,1,20180812
3.0,3.7839112,64.07737,29.208462,6.967207,0,20180812
6.0,1.0221013,39.343933,30.56194,7.597271,0,20180812
2.0,6.0286207,49.17238,28.826832,3.9142897,0,20180812
5.0,4.7338533,41.572018,30.586245,6.8404675,0,20180812
1.0,2.2466295,47.08639,30.41334,7.188784,0,20180812
8.0,2.0218458,42.351097,29.386337,8.253158,1,20180813
4.0,1.8999219,44.83032,29.783579,7.5929575,0,20180813
7.0,3.4945853,43.448887,30.281752,10.850733,2,20180813
3.0,1.4972078,50.06541,29.687517,7.0753827,0,20180813
6.0,0.73452103,40.135056,29.999426,11.623764,0,20180813
2.0,4.67021,39.26814,28.00386,6.456399,0,20180813
5.0,0.31975994,32.4309,31.025,7.859347,0,20180813
1.0,1.651111,34.095547,30.097857,7.663034,1,20180813
8.0,0.1440943,46.33763,29.42957,14.2243395,0,20180814
4.0,0.122554906,47.63245,29.117393,12.126437,0,20180814
7.0,0.010866703,42.27728,30.05691,14.051332,0,20180814
3.0,0.026187396,52.373062,29.40264,9.897669,0,20180814
6.0,0.0,35.35119,30.24714,11.535874,0,20180814
2.0,0.0,43.429127,27.337444,7.824305,2,20180814
5.0,0.0,33.725792,30.211432,6.578477,1,20180814
1.0,0.0,39.101875,28.86609,8.079728,0,20180814
8.0,5.1216497,53.526237,26.241495,10.675995,0,20180815
4.0,6.2542014,52.56769,26.506653,9.241265,0,20180815
7.0,10.865248,54.489933,26.010077,10.49889,0,20180815
3.0,20.551325,58.562817,25.713383,6.908025,0,20180815
6.0,3.1999369,52.088085,26.040407,9.469639,1,20180815
2.0,15.530532,63.733814,21.893984,7.6934958,0,20180815
5.0,2.3251069,55.049496,25.233168,8.385046,0,20180815
1.0,8.252831,67.99638,21.976965,6.4449415,0,20180815
8.0,2.0637898,64.83085,23.885046,11.699021,0,20180816
4.0,0.42591533,61.675003,25.124157,12.218747,0,20180816
7.0,0.36448276,60.075302,25.483175,9.985934,0,20180816
3.0,0.50860304,62.474533,25.58991,7.6881185,0,20180816
6.0,1.8950028,59.90559,24.810858,10.905874,1,20180816
2.0,0.29566687,59.239235,24.043003,5.099053,0,20180816
5.0,0.029329767,52.1332,26.314627,5.8143716,0,20180816
1.0,0.19871172,52.793034,26.10155,7.300425,0,20180816
8.0,3.62691,65.21713,24.44481,8.650725,0,20180817
4.0,1.0078413,61.731354,25.65516,7.7054415,0,20180817
7.0,7.957153,57.402416,27.059555,9.547883,0,20180817
3.0,6.7857547,61.919094,26.235416,6.477312,0,20180817
6.0,3.8203022,54.914864,27.066336,7.8283424,0,20180817
2.0,1.7954038,57.065826,25.337616,4.3975806,1,20180817
5.0,0.37331584,51.76427,27.082842,6.093194,0,20180817
1.0,1.9605317,50.805073,27.219448,6.7657294,0,20180817
8.0,4.534208,60.79862,25.942537,7.7029023,0,20180818
4.0,0.7252778,60.762047,26.357443,6.1693997,0,20180818
7.0,6.278854,54.312813,27.550545,7.733154,0,20180818
3.0,0.39654797,61.21357,27.023548,7.4253874,0,20180818
6.0,8.130951,51.366726,27.64578,7.274956,0,20180818
2.0,4.264299,58.292522,25.39993,4.9392633,0,20180818
5.0,2.021094,48.55423,28.01143,4.845943,0,20180818
1.0,2.4760363,49.89005,27.781225,6.024955,1,20180818
8.0,9.361799,62.37967,25.929958,10.799336,0,20180819
4.0,4.396732,62.606354,25.756212,6.923753,0,20180819
7.0,5.7486877,55.998497,28.108883,9.336345,0,20180819
3.0,5.5459547,64.32942,27.107203,6.5122004,0,20180819
6.0,0.6687367,48.394154,28.27729,8.7969885,0,20180819
2.0,4.5912704,55.838528,26.179304,3.8976588,0,20180819
5.0,0.10513571,43.325443,28.741354,5.846482,1,20180819
1.0,0.49855262,47.159832,28.215317,7.021397,0,20180819
8.0,5.074987,61.338306,24.231443,20.528507,0,20180820
4.0,2.6110098,67.553474,22.834587,14.421436,0,20180820
7.0,3.693404,51.996704,28.375986,10.009421,0,20180820
3.0,2.7104928,61.22254,26.557425,9.356385,0,20180820
6.0,0.42738473,55.346313,27.265442,10.450011,0,20180820
2.0,8.54029,62.507233,24.151493,6.640951,0,20180820
5.0,0.27988383,51.494244,27.709415,8.561795,1,20180820
1.0,4.8685846,52.9506,27.051311,10.379162,0,20180820
1.0,5.5821037,55.690086,26.702381,8.863203,0,20180821
2.0,10.326363,63.233086,24.546862,7.4138484,0,20180821
3.0,13.523319,62.75712,25.713472,10.0428295,0,20180821
4.0,7.6227036,64.30975,25.401306,8.79906,0,20180821
5.0,0.8614434,52.28825,27.304657,7.7165895,0,20180821
6.0,1.463565,59.125,26.3572,12.264799,0,20180821
7.0,2.047877,66.62093,24.96766,12.728522,0,20180821
8.0,7.4969234,68.77005,24.324553,13.14603,0,20180821
8.0,1.4849128,71.63525,23.738512,16.147894,0,20180822
4.0,1.5319003,73.08688,23.991953,11.61883,0,20180822
7.0,5.4978538,61.09414,25.833565,9.701578,0,20180822
3.0,2.178622,61.79568,25.868166,9.883736,0,20180822
6.0,3.8916266,55.453033,26.542383,8.404431,0,20180822
2.0,5.3540945,61.476013,24.035843,6.363268,0,20180822
5.0,0.504248,50.379765,26.953997,7.243958,0,20180822
1.0,6.9733653,49.40206,26.814062,8.03726,1,20180822
8.0,8.717557,71.28231,23.201717,9.748074,0,20180823
4.0,9.960111,69.600235,24.801987,6.6200314,0,20180823
7.0,1.3510928,68.14974,23.768066,9.398447,0,20180823
3.0,2.3867621,62.168125,25.175995,7.064251,0,20180823
6.0,0.93037546,58.9168,25.430279,9.261411,1,20180823
2.0,4.4244304,56.55191,24.589176,6.9595437,0,20180823
5.0,1.4068826,50.92681,26.766356,7.9421062,0,20180823
1.0,0.040773857,50.986534,26.732769,8.140918,0,20180823
1.0,2.3555968,76.503456,22.280212,6.55576,0,20180824
2.0,10.049005,64.02646,23.574938,6.486479,0,20180824
3.0,1.3806436,64.44755,25.498693,6.667184,0,20180824
4.0,4.404652,71.25922,24.346867,7.3246984,0,20180824
5.0,2.069804,66.85142,22.60334,7.8771706,0,20180824
6.0,12.702684,65.265594,23.932844,8.369911,0,20180824
7.0,5.1797047,62.98222,25.698473,9.131587,0,20180824
8.0,1.0652885,69.8985,24.57582,10.055299,0,20180824
1.0,1.4839321,58.27897,26.093029,10.288805,0,20180825
2.0,7.5685754,66.663124,23.388014,9.111875,0,20180825
3.0,20.392544,78.33986,23.440449,8.160702,0,20180825
4.0,38.64097,83.23871,22.501621,10.960042,0,20180825
5.0,0.53740364,52.984783,26.56055,9.093983,0,20180825
6.0,0.68567234,60.636105,25.246504,9.210896,0,20180825
7.0,6.247197,68.02874,24.897007,10.754583,0,20180825
8.0,23.521824,79.55182,22.957859,11.704593,0,20180825
1.0,1.3726127,59.950336,23.770706,8.583739,0,20180826
2.0,1.1218518,74.462975,20.705004,9.220313,0,20180826
3.0,4.138512,71.21138,24.50492,11.194867,0,20180826
4.0,4.9291487,75.592575,24.08046,16.66464,0,20180826
5.0,2.5073385,51.7964,25.641365,9.550396,0,20180826
6.0,3.925442,54.406193,25.96674,15.009807,0,20180826
7.0,4.4515543,59.823765,25.408953,17.258873,0,20180826
8.0,1.7398267,71.171005,24.559843,17.595318,0,20180826
1.0,1.8617173,59.705338,22.207184,9.845799,0,20180827
2.0,4.8328805,71.60086,18.920994,10.024051,0,20180827
3.0,7.20557,65.95865,23.106045,12.664995,0,20180827
4.0,10.297316,76.174995,21.93595,20.046078,0,20180827
5.0,3.093019,56.714108,22.563393,10.144082,0,20180827
6.0,2.5413318,60.58149,22.066435,11.731769,0,20180827
7.0,2.8465614,64.55446,22.707516,11.044415,0,20180827
8.0,4.432739,73.14198,21.927542,20.379438,0,20180827
1.0,0.00072993163,50.99418,25.591702,9.910702,0,20180828
2.0,0.20827658,60.959873,23.075008,7.5580444,0,20180828
3.0,0.112835996,62.448956,24.816225,9.221444,0,20180828
4.0,0.7048252,67.44174,24.117546,14.325247,0,20180828
5.0,0.0066135367,52.471684,25.195713,9.919192,0,20180828
6.0,0.7270758,56.615635,24.769888,13.8301,0,20180828
7.0,0.8782138,58.34083,25.350304,13.857553,0,20180828
8.0,0.49651006,63.971317,24.553375,14.557512,0,20180828
8.0,0.029900039,64.60864,26.402603,10.797419,0,20180829
4.0,0.037899412,67.69611,25.887308,9.415318,0,20180829
7.0,0.004345928,57.813377,27.324842,9.885025,0,20180829
3.0,0.021645123,63.20446,26.30201,6.036189,0,20180829
6.0,0.0006919034,49.768105,27.469116,10.168306,0,20180829
2.0,0.019773033,58.206146,25.23831,4.242054,0,20180829
5.0,0.0,44.354397,28.032955,7.1603103,0,20180829
1.0,0.0,49.55275,27.501818,7.1965523,3,20180829
8.0,0.0072790296,61.978718,26.18706,7.802568,0,20180830
4.0,0.01309265,61.62739,26.334284,6.96008,0,20180830
7.0,0.009210628,55.85047,27.731316,9.21696,0,20180830
3.0,0.024956016,66.028,26.363419,6.328706,0,20180830
6.0,0.0022745929,53.33973,27.709845,7.7937646,0,20180830
2.0,0.015520554,58.79217,25.9401,4.048798,0,20180830
5.0,0.0,48.52187,28.325542,7.8595634,1,20180830
1.0,0.0,50.248608,28.425282,7.814336,0,20180830
8.0,0.05744892,65.5872,26.488781,10.882565,0,20180831
4.0,0.0099964235,67.79351,25.904518,11.3800125,0,20180831
7.0,0.4568867,59.29065,27.686886,10.933269,1,20180831
3.0,0.061546598,69.05905,26.209278,7.987112,0,20180831
6.0,0.3172879,55.57365,27.531181,10.531863,1,20180831
2.0,0.081668444,61.410805,25.26117,5.8016186,0,20180831
5.0,0.5950723,49.16469,28.2351,7.8728013,1,20180831
1.0,0.00066434377,54.250294,27.46152,8.118825,1,20180831
8.0,0.015569204,47.831486,27.353601,11.377891,1,20180901
4.0,0.013483262,47.004612,27.562302,9.147945,0,20180901
7.0,0.101497635,51.427704,28.252146,9.759903,2,20180901
3.0,0.0774817,58.35543,27.220388,6.4663467,0,20180901
6.0,0.8575652,45.081837,28.437826,8.54637,1,20180901
2.0,1.7549549,44.95947,26.487772,6.265942,0,20180901
5.0,4.1449175,34.42771,28.778873,7.3631806,1,20180901
1.0,0.076557435,37.76006,28.283173,7.4068203,1,20180901
8.0,0.0009095744,48.254498,28.26479,9.245043,1,20180902
4.0,0.009539602,50.34751,28.336271,8.892544,0,20180902
7.0,0.0071580913,45.9819,28.678244,9.749067,1,20180902
3.0,0.0,51.495667,27.789614,7.7965627,0,20180902
6.0,0.17802843,43.764202,28.99178,8.744475,0,20180902
2.0,0.0,52.780235,26.040474,8.142009,0,20180902
5.0,0.00023383483,43.647327,28.883505,7.9258394,0,20180902
1.0,0.6975,47.67759,27.532305,8.045817,2,20180902
8.0,0.00979424,59.535458,25.965063,12.314219,2,20180903
4.0,0.010030149,58.230255,26.132017,11.186588,0,20180903
7.0,0.00090133544,53.614426,26.718225,13.945316,0,20180903
3.0,0.009163997,60.590195,25.962263,9.335694,0,20180903
6.0,0.0,48.1735,26.624172,14.532165,0,20180903
2.0,0.026556037,48.16958,24.010946,8.246894,0,20180903
5.0,0.0005672752,37.873356,26.420443,10.152797,1,20180903
1.0,0.09587134,42.988712,25.46825,9.391236,1,20180903
8.0,0.004733219,58.07089,24.476439,15.4354515,1,20180904
4.0,0.0056723943,59.93262,24.073826,14.696884,0,20180904
7.0,0.0068775215,53.832115,25.147795,14.842708,1,20180904
3.0,0.012443972,59.034504,24.596077,11.690841,0,20180904
6.0,0.0015911513,48.180214,25.847187,10.958507,1,20180904
2.0,0.004700329,56.370083,22.823116,8.635056,0,20180904
5.0,0.00015605032,42.763577,26.171722,8.132928,0,20180904
1.0,0.014305938,48.529297,24.8433,8.758856,1,20180904
8.0,0.00015690587,54.09346,25.836737,12.721338,2,20180905
4.0,0.0,54.196587,26.030457,11.887195,0,20180905
7.0,0.0019773222,55.13768,26.02442,11.587402,0,20180905
3.0,0.020551393,59.978092,25.702246,8.2798815,1,20180905
6.0,0.0077338717,48.89821,25.996452,10.562809,1,20180905
2.0,0.008753243,50.99007,24.281116,8.186776,0,20180905
5.0,0.00042170612,43.075245,26.514347,8.388485,0,20180905
1.0,0.0,45.882473,26.284586,8.689512,1,20180905
8.0,0.0066629867,49.559097,27.008307,7.893362,1,20180906
4.0,0.00072529895,50.369907,27.899555,7.3123307,0,20180906
7.0,0.0030884224,51.262012,27.111622,11.612531,1,20180906
3.0,0.003807063,46.53184,27.432217,6.6621947,1,20180906
6.0,0.0006834415,47.28325,26.4201,12.484442,2,20180906
2.0,0.006524331,42.016262,26.26639,5.7686176,0,20180906
5.0,0.0,43.104847,26.794743,9.682922,0,20180906
1.0,0.0,42.491253,27.527884,10.06167,1,20180906
8.0,0.0,59.436756,27.15325,11.493101,0,20180907
4.0,0.0,59.339386,27.11282,10.257022,0,20180907
7.0,0.0,56.10138,27.235634,10.798726,0,20180907
3.0,0.0,62.435093,26.800123,8.295914,0,20180907
6.0,0.0,48.98131,27.370806,9.999901,0,20180907
2.0,0.0,53.631783,25.250124,7.9613934,1,20180907
5.0,0.0,44.715187,27.444435,6.9579663,0,20180907
1.0,0.0,50.38618,26.267733,9.066583,1,20180907
8.0,1.3741558,64.2437,25.000502,15.77029,1,20180908
4.0,1.3496501,66.45368,24.706564,13.733913,0,20180908
7.0,1.4443489,56.549793,25.91721,14.332681,0,20180908
3.0,2.016409,65.61317,25.221056,11.939473,0,20180908
6.0,0.030507153,53.557068,25.908514,11.811275,0,20180908
2.0,2.8855863,53.91771,24.286068,9.6883745,1,20180908
5.0,0.04096653,48.931923,26.312798,9.834029,0,20180908
1.0,0.4391402,50.6646,26.208942,12.375859,1,20180908
8.0,0.029208532,66.598816,24.40398,8.789819,1,20180909
4.0,0.0015036734,66.08373,24.56269,8.037935,0,20180909
7.0,0.58376604,61.766273,25.552988,9.378455,0,20180909
3.0,0.12170502,68.24855,24.839537,6.053072,0,20180909
6.0,0.4105409,56.05121,25.412195,10.057738,0,20180909
2.0,0.017531147,60.789406,23.916468,4.391521,0,20180909
5.0,0.63575006,50.716763,26.254784,7.448581,0,20180909
1.0,0.21070658,54.7057,26.418577,7.839351,0,20180909
8.0,0.021456718,62.62895,25.01347,6.46483,1,20180910
4.0,0.0013380001,62.590725,25.14501,5.6866584,0,20180910
7.0,0.1683871,57.95765,26.246021,10.245104,0,20180910
3.0,0.06422804,64.93595,25.646545,6.393444,0,20180910
6.0,0.012641475,49.852196,26.081034,9.826328,0,20180910
2.0,0.017578647,53.31284,24.791132,6.7125583,0,20180910
5.0,0.00042170612,42.534393,26.774279,7.4761963,1,20180910
1.0,0.0,43.524338,26.737541,7.4675364,0,20180910
8.0,0.009058509,62.50324,25.879799,10.126373,1,20180911
4.0,0.004008215,65.93785,25.346243,11.088056,0,20180911
7.0,0.010202132,49.55764,27.24531,11.154003,2,20180911
3.0,0.15552041,62.83105,26.166243,7.001522,0,20180911
6.0,0.00082474673,35.96169,26.90261,12.14748,0,20180911
2.0,0.014121984,42.23781,25.188843,6.182793,0,20180911
5.0,0.0013037764,32.17001,27.686668,9.091571,0,20180911
1.0,0.0,33.15419,27.619593,9.797248,0,20180911
8.0,0.010097307,57.242813,25.587845,14.69994,2,20180912
4.0,0.009980629,60.34553,25.008276,12.968557,0,20180912
7.0,0.011161166,48.21289,26.612156,14.8630495,0,20180912
3.0,0.05824283,57.378773,25.884418,9.318344,0,20180912
6.0,0.0,41.126442,25.940535,15.726905,2,20180912
2.0,0.0,47.346123,23.97672,9.89137,0,20180912
5.0,0.0,38.19691,26.399652,10.600265,1,20180912
1.0,0.0,39.01941,26.238785,16.525888,0,20180912
8.0,0.0,59.32332,25.000887,11.820753,0,20180913
4.0,0.0,60.117252,24.90823,9.8123255,0,20180913
7.0,0.0,55.376057,25.685253,8.912834,1,20180913
3.0,0.0,63.705612,25.14054,6.851716,1,20180913
6.0,0.0,47.5921,25.748466,8.45728,0,20180913
2.0,0.0,53.71569,24.150387,6.194278,0,20180913
5.0,0.0,42.77357,26.572376,7.0435004,0,20180913
1.0,0.0,46.13773,26.381947,10.607043,2,20180913
8.0,4.0432506,62.446205,24.032425,7.3955145,0,20180914
4.0,20.734217,59.976997,25.031021,7.224114,0,20180914
7.0,3.2309008,61.1861,24.203806,7.3496633,1,20180914
3.0,21.93419,63.305687,25.02068,6.365276,0,20180914
6.0,1.0663733,63.177235,23.752224,6.8025174,1,20180914
2.0,1.9778973,66.7137,22.453756,5.3427296,0,20180914
5.0,0.8456781,54.59269,25.510618,6.8137674,0,20180914
1.0,6.806824,55.78896,25.12805,6.90657,0,20180914
1.0,0.7429377,52.51357,26.848946,10.046826,0,20180915
2.0,2.0292525,58.85466,24.718395,6.3937097,0,20180915
3.0,1.963062,68.96798,25.305912,8.365604,0,20180915
4.0,0.38424936,70.905914,24.472734,12.574084,0,20180915
5.0,0.49332651,47.74107,27.023617,7.0014424,0,20180915
6.0,0.06480108,56.955807,26.473543,9.418804,0,20180915
7.0,0.95258963,61.02021,26.178848,9.826531,0,20180915
8.0,2.3686318,68.864784,24.650244,11.143684,0,20180915
8.0,1.1538031,67.00122,25.960886,10.717424,2,20180916
4.0,0.06430188,70.43235,25.519962,9.253771,0,20180916
7.0,13.717757,62.458954,26.266222,9.860773,0,20180916
3.0,0.6395516,70.39185,25.616987,7.1443725,0,20180916
6.0,5.341276,50.053303,26.737572,10.3217125,2,20180916
2.0,0.12790538,55.590992,25.236557,4.983732,1,20180916
5.0,0.45378023,46.324577,27.294504,7.189973,0,20180916
1.0,1.4589027,51.28285,27.415949,8.109099,1,20180916
8.0,0.7417072,61.34818,26.052933,10.350008,0,20180917
4.0,0.14495242,60.892445,26.133251,8.891615,0,20180917
7.0,1.908435,55.181408,27.295176,8.241088,0,20180917
3.0,1.1379019,65.85903,26.438072,6.544545,0,20180917
6.0,0.16979386,52.294285,27.240911,8.817669,0,20180917
2.0,2.3818505,58.10673,25.60644,4.4632926,0,20180917
5.0,0.021993466,48.72426,27.38877,6.553213,1,20180917
1.0,2.5044315,50.965282,27.532936,6.794608,0,20180917
8.0,1.646811,55.355007,25.596115,8.004007,0,20180918
4.0,0.11890641,56.016975,25.804287,8.392534,0,20180918
7.0,2.1360297,47.406677,27.744835,8.853547,0,20180918
3.0,2.2616951,52.961,27.154144,6.4894276,0,20180918
6.0,0.36845985,43.72252,27.398367,8.766681,3,20180918
2.0,1.4358758,48.371727,26.200851,4.259018,1,20180918
5.0,0.013421577,43.42104,27.42908,7.625448,0,20180918
1.0,0.023785062,45.076515,27.611223,8.594383,0,20180918
8.0,0.1273724,59.4309,26.102499,10.969095,0,20180919
4.0,0.004769801,60.440628,26.933416,10.08791,0,20180919
7.0,0.0,54.205544,27.44105,10.300412,1,20180919
3.0,0.0,54.68549,27.84263,6.3110924,0,20180919
6.0,0.012172414,50.18996,27.272446,10.759046,0,20180919
2.0,0.035097845,48.634365,25.665173,4.925196,0,20180919
5.0,0.07227246,45.27129,27.112425,6.76353,0,20180919
1.0,0.027710462,46.382423,27.242962,5.3057394,0,20180919
1.0,0.009450335,63.11333,24.013361,9.574802,0,20180920
2.0,1.1903361,61.4199,23.437696,7.443028,0,20180920
3.0,0.22939488,62.763767,26.120161,9.8359375,0,20180920
4.0,6.0656366,74.87768,22.700352,13.26417,0,20180920
5.0,1.6986718,61.456814,24.397327,7.315111,0,20180920
6.0,1.8217665,63.656685,24.17559,7.4966946,0,20180920
7.0,0.47106937,64.16294,25.759792,9.800112,0,20180920
8.0,4.6170373,71.91104,23.696194,14.088163,0,20180920
8.0,7.737065,72.56188,22.94853,13.180648,0,20180921
4.0,5.797134,69.57822,24.294157,13.433331,0,20180921
7.0,3.8624127,69.55473,24.034693,9.679137,0,20180921
3.0,4.562568,67.730835,24.341316,9.422165,0,20180921
6.0,0.9668981,64.38626,23.98689,8.967458,1,20180921
2.0,12.856904,65.82638,22.586823,7.356799,0,20180921
5.0,2.4620616,60.68291,24.17952,7.2320614,0,20180921
1.0,1.9648939,59.292526,24.624113,6.599526,0,20180921
8.0,1.7187161,69.41814,24.524117,12.954518,0,20180922
4.0,0.3014234,64.73083,25.485392,12.287091,0,20180922
7.0,0.5001141,68.49542,25.603725,7.9662886,0,20180922
3.0,0.42737612,65.89048,25.773993,7.5226054,0,20180922
6.0,2.1075082,64.73437,25.357086,7.1020503,0,20180922
2.0,2.5680757,63.558773,24.006464,4.654807,1,20180922
5.0,1.9296787,61.444622,25.168816,7.2186184,0,20180922
1.0,0.7121909,55.537067,26.066305,6.756684,0,20180922
8.0,0.86398804,67.17977,25.364552,7.279648,0,20180923
4.0,0.18302888,70.295586,25.425472,7.732959,0,20180923
7.0,0.33050457,59.579712,26.756218,6.853075,0,20180923
3.0,0.08973956,68.12986,25.941225,4.399605,0,20180923
6.0,1.0261562,52.753418,27.19006,7.3271427,0,20180923
2.0,0.009041498,53.64944,25.919096,3.0386374,0,20180923
5.0,0.000983332,48.36986,27.512012,6.6458035,0,20180923
1.0,0.0,52.54727,27.734236,7.6278815,1,20180923
8.0,0.024979174,65.804,25.625223,15.528318,1,20180924
4.0,0.017138034,66.72844,25.653227,12.8212,0,20180924
7.0,0.013899507,62.340294,26.198324,12.094048,0,20180924
3.0,0.05033898,67.72437,25.60644,9.672448,0,20180924
6.0,0.0029664964,57.67471,26.99422,10.054595,0,20180924
2.0,0.029688658,66.22357,23.396296,9.317717,0,20180924
5.0,0.0,51.48697,27.370958,9.337105,1,20180924
1.0,0.0,58.87231,25.528866,10.868166,1,20180924
8.0,0.008898566,61.05798,22.678043,18.159096,0,20180925
4.0,0.0024513868,63.47631,24.014053,11.7031555,0,20180925
7.0,1.2057635,47.583298,22.602423,18.04813,1,20180925
3.0,0.6939215,52.35901,23.795752,13.1065855,0,20180925
6.0,3.4309907,46.8718,19.76832,22.83162,0,20180925
2.0,0.85017455,51.560543,17.645157,18.968355,3,20180925
5.0,2.918373,45.354446,19.486694,17.837696,0,20180925
1.0,0.34502828,41.1459,19.677507,21.242975,3,20180925
8.0,4.1028376,42.256336,18.272148,22.22173,2,20180926
4.0,1.947151,40.893913,18.84365,17.743061,0,20180926
7.0,0.22804913,41.647972,18.110447,17.026667,1,20180926
3.0,1.4525262,37.057507,18.874464,15.209139,0,20180926
6.0,0.0,48.31625,15.722985,19.652466,0,20180926
2.0,0.022984136,51.073376,13.672382,18.33788,0,20180926
5.0,0.00018973106,43.545944,15.595206,17.656189,1,20180926
1.0,0.0038323475,38.916916,15.976104,24.910267,4,20180926
8.0,0.0,40.551003,16.884733,21.646042,2,20180927
4.0,0.0,39.304165,17.780933,13.793003,0,20180927
7.0,0.0,37.433224,17.52082,19.264076,2,20180927
3.0,6.0156777e-05,38.637756,17.946823,16.566214,0,20180927
6.0,0.0,39.344078,16.575764,23.315914,0,20180927
2.0,0.00613551,49.028942,14.271103,17.901209,1,20180927
5.0,0.0,39.692707,17.217377,16.507984,0,20180927
1.0,2.520807e-05,39.897938,17.316746,19.24414,3,20180927
8.0,0.0,50.617886,18.171396,18.232317,1,20180928
4.0,0.0,50.451447,18.038734,13.951276,0,20180928
7.0,0.0,47.209373,19.310339,11.489307,0,20180928
3.0,0.0,48.7397,19.084183,8.765923,0,20180928
6.0,0.0,44.350433,18.92629,13.488765,0,20180928
2.0,0.0,44.403484,17.215332,14.827014,0,20180928
5.0,0.0,39.489304,19.818617,12.076948,0,20180928
1.0,0.0,37.44846,20.060272,14.905786,1,20180928
8.0,0.13980521,58.862377,19.907703,12.246205,0,20180929
4.0,0.051490545,61.323242,19.927292,12.870773,0,20180929
7.0,0.16823915,47.307735,22.023663,10.772062,0,20180929
3.0,0.015390729,55.162533,21.427114,7.443653,1,20180929
6.0,0.080508426,38.429367,21.949476,11.000667,2,20180929
2.0,0.032903116,43.77793,20.153063,6.795351,0,20180929
5.0,0.015568748,34.29006,22.695236,9.156825,2,20180929
1.0,0.0,34.45675,22.51144,14.310078,1,20180929
8.0,0.03920746,57.311874,21.81041,10.448853,0,20180930
4.0,0.06045373,61.803463,21.621159,10.436616,0,20180930
7.0,0.0013677443,49.330482,22.242931,12.587094,0,20180930
3.0,0.0129784215,56.15207,22.105093,8.760746,0,20180930
6.0,0.0,45.643936,21.106796,13.4856415,0,20180930
2.0,0.0,46.765003,19.88876,8.56899,0,20180930
5.0,0.0,39.42042,21.513542,11.788908,0,20180930
1.0,0.0,40.618473,21.830324,10.098937,3,20180930
8.0,0.014931139,51.787006,22.415756,13.7421055,0,20181001
4.0,0.017068135,52.11917,22.703178,8.956083,0,20181001
7.0,0.009133317,50.104496,22.629887,12.354812,0,20181001
3.0,0.012447178,53.487053,22.573883,8.645324,0,20181001
6.0,0.0022745929,43.11842,23.242905,9.629226,0,20181001
2.0,0.009931638,48.16264,20.840088,8.232802,0,20181001
5.0,0.0,39.97417,23.487106,11.082154,0,20181001
1.0,0.0,44.51414,22.084686,13.775058,2,20181001
1.0,3.7513924,56.549656,21.462793,12.765762,0,20181002
2.0,8.238466,60.707745,19.614607,9.744138,0,20181002
3.0,1.9056026,69.186356,21.386013,8.54614,0,20181002
4.0,0.2808796,66.86856,21.412756,11.145262,0,20181002
5.0,0.9435119,51.218414,22.49172,8.468148,0,20181002
6.0,0.32104886,53.4438,22.665512,10.296657,0,20181002
7.0,1.5150436,68.97763,20.612679,9.241076,0,20181002
8.0,1.1835397,70.00306,20.840338,12.691359,0,20181002
1.0,2.517931,77.643486,18.08462,16.120934,0,20181003
2.0,6.227539,84.93647,16.217709,15.272297,0,20181003
3.0,9.192885,80.4085,18.90544,18.77953,0,20181003
4.0,10.427292,81.04936,18.78025,14.247096,0,20181003
5.0,26.016312,80.06092,17.575134,12.987762,0,20181003
6.0,17.465305,88.505295,17.778189,16.948568,0,20181003
7.0,18.619713,85.24214,17.654493,18.896793,0,20181003
8.0,21.422333,86.517,17.316994,22.732529,0,20181003
1.0,25.686998,68.85668,21.66447,8.712603,0,20181004
2.0,11.550777,68.029785,20.781836,9.84358,0,20181004
3.0,21.471268,66.80473,23.055326,12.040648,0,20181004
4.0,10.583839,72.088264,22.136755,11.469465,0,20181004
5.0,46.791058,70.66029,21.470387,10.417159,0,20181004
6.0,54.23785,69.66549,22.147322,9.406921,0,20181004
7.0,55.480686,72.439476,22.360332,11.482939,0,20181004
8.0,22.633778,74.29545,21.154789,15.849878,0,20181004
1.0,44.401325,93.35801,16.901537,12.152378,0,20181005
2.0,63.975636,94.46438,15.47025,12.273549,0,20181005
3.0,138.99889,89.17323,18.78061,13.017625,0,20181005
4.0,95.13223,70.89458,20.032501,15.38514,0,20181005
5.0,53.61024,95.41637,16.33419,9.759997,0,20181005
6.0,143.88219,96.54242,15.974476,9.189558,0,20181005
7.0,123.85704,96.72695,16.667847,10.574589,0,20181005
8.0,66.55424,82.33547,18.499887,15.6756935,0,20181005
1.0,1.6318122,74.83801,20.828396,9.53608,0,20181006
2.0,3.0366073,77.61151,18.964634,6.8255506,0,20181006
3.0,7.5856504,78.658,21.044144,7.73182,0,20181006
4.0,10.760125,77.434555,21.411598,9.857508,0,20181006
5.0,6.712397,74.9103,20.169388,8.474952,0,20181006
6.0,43.61721,85.84011,19.018438,10.168279,0,20181006
7.0,56.85015,87.800804,19.854212,8.554261,0,20181006
8.0,32.493877,81.512794,20.9332,12.491275,0,20181006
1.0,1.4661765,64.79762,20.929111,10.905223,0,20181007
2.0,0.29072514,69.28144,18.91623,6.4453087,0,20181007
3.0,0.43878245,68.86751,21.31448,7.0762377,0,20181007
4.0,1.5669947,63.09502,22.000965,8.516983,0,20181007
5.0,1.0414057,63.172222,21.6408,7.57618,0,20181007
6.0,0.43035153,61.469097,22.00892,6.8823247,0,20181007
7.0,1.0702378,65.34448,21.682766,9.056018,0,20181007
8.0,5.465785,65.26689,21.339905,9.940463,0,20181007
1.0,0.12623683,58.43599,21.080685,6.9698834,0,20181008
2.0,0.026571635,62.55274,19.832052,5.2280817,0,20181008
3.0,0.065742455,65.98842,21.902643,7.0998955,0,20181008
4.0,0.010843646,63.606808,21.765854,7.5456758,0,20181008
5.0,1.638101,59.22267,21.33167,6.152799,0,20181008
6.0,0.0039156764,63.555653,21.334272,8.00264,0,20181008
7.0,0.024526581,60.94593,22.218998,8.897237,0,20181008
8.0,0.043366887,64.02467,21.283033,9.555831,0,20181008
1.0,2.6323128,62.050213,20.906443,8.713106,0,20181009
2.0,1.0136241,65.98189,19.515858,6.9128847,0,20181009
3.0,0.7504558,62.066296,22.053667,9.403315,0,20181009
4.0,0.06947446,62.94379,21.489157,12.279406,0,20181009
5.0,8.832764,61.147762,20.63553,6.3467526,0,20181009
6.0,7.258862,67.94874,20.433388,9.576913,0,20181009
7.0,3.5725195,64.205055,21.812763,10.543758,0,20181009
8.0,0.08409018,66.278786,20.108871,14.21595,0,20181009
1.0,0.91249233,60.45008,21.27938,8.193818,0,20181010
2.0,0.5524829,66.10371,19.70481,6.2111673,0,20181010
3.0,2.2401128,62.42149,22.195797,8.024303,0,20181010
4.0,0.44786334,67.91472,21.501532,10.690792,0,20181010
5.0,0.85032463,61.951385,21.058552,7.558338,0,20181010
6.0,0.65859956,66.07844,21.250996,8.886158,0,20181010
7.0,7.7067423,66.47164,21.527088,9.191114,0,20181010
8.0,3.677404,70.58735,20.252508,12.142629,0,20181010
1.0,1.1975137,58.561172,21.55561,5.807408,0,20181011
2.0,0.78492343,62.177322,20.014114,4.2958293,0,20181011
3.0,1.0054517,63.422997,22.655651,7.011602,0,20181011
4.0,1.1160342,68.35768,21.589024,13.9042015,0,20181011
5.0,0.05211285,61.883865,21.262632,7.095809,0,20181011
6.0,0.72905374,66.14984,21.307241,6.9686465,0,20181011
7.0,0.1689763,67.87399,21.917177,7.888323,0,20181011
8.0,1.2793125,72.21838,20.346695,12.432974,0,20181011
1.0,0.764957,75.46212,18.95854,7.8002706,0,20181012
2.0,0.54383457,79.31334,17.032097,7.6588874,0,20181012
3.0,0.14036974,71.53786,20.47532,10.576855,0,20181012
4.0,0.93604034,70.00063,19.709797,7.60343,0,20181012
5.0,3.9305346,72.20293,19.215717,6.0856686,0,20181012
6.0,1.3028318,76.2327,19.307983,6.8165264,0,20181012
7.0,1.9903134,71.930695,20.038591,8.830428,0,20181012
8.0,7.385423,74.02675,17.671227,8.889055,0,20181012
1.0,1.370114,55.362556,20.024914,8.967802,0,20181013
2.0,0.09140547,56.199177,18.683357,8.15163,0,20181013
3.0,0.32391363,56.962593,21.392496,11.420222,0,20181013
4.0,5.804258,65.805504,20.770142,9.057725,0,20181013
5.0,0.10401122,54.43377,20.234207,7.5659194,0,20181013
6.0,0.10288774,59.242283,20.249886,10.447855,0,20181013
7.0,0.44228083,61.091866,20.969498,10.930383,0,20181013
8.0,6.82089,66.66207,19.365576,15.257253,0,20181013
1.0,0.0131708775,68.95448,18.191296,11.219001,0,20181014
2.0,0.07103494,78.104576,16.116789,10.120942,0,20181014
3.0,4.861363,82.43624,17.115572,12.059643,0,20181014
4.0,7.535339,86.67611,16.615057,9.473601,0,20181014
5.0,0.29630095,69.63125,18.293417,9.325328,0,20181014
6.0,5.4127316,77.2567,18.108248,10.957793,0,20181014
7.0,11.125897,79.1037,17.671804,12.599906,0,20181014
8.0,18.74754,87.49062,15.968244,14.326095,0,20181014
1.0,11.205506,86.90334,18.04778,17.817978,0,20181015
2.0,12.985979,87.23597,17.06224,7.8829427,0,20181015
3.0,46.66688,87.15128,18.939072,10.859296,0,20181015
4.0,67.22357,84.597244,18.806778,11.690582,0,20181015
5.0,21.006607,87.310646,18.373924,13.027752,0,20181015
6.0,57.023785,85.93544,18.943619,13.115854,0,20181015
7.0,73.06765,88.67351,19.026398,12.833789,0,20181015
8.0,99.91261,86.49569,17.994171,15.595871,0,20181015
1.0,0.82157093,69.18842,20.616018,9.934513,0,20181016
2.0,0.65136343,72.010284,19.614431,6.803118,0,20181016
3.0,0.6385967,74.95496,21.446884,10.330753,0,20181016
4.0,5.7460747,71.98668,21.093517,11.106362,0,20181016
5.0,5.4823,73.361145,20.200579,8.444381,0,20181016
6.0,7.909862,76.910484,20.655846,9.859853,0,20181016
7.0,6.8636937,81.72996,20.323896,11.047639,0,20181016
8.0,15.497242,78.51828,19.084953,12.014997,0,20181016
1.0,0.28241813,74.87234,20.305521,6.6948977,0,20181017
2.0,0.2468921,76.32702,19.192759,5.1878796,0,20181017
3.0,0.6233709,73.57886,21.400356,8.867884,0,20181017
4.0,0.093663596,67.10968,21.885063,13.769058,0,20181017
5.0,8.293386,76.00136,19.909594,7.9255176,0,20181017
6.0,9.005362,86.83462,18.873196,6.8914294,0,20181017
7.0,7.1444287,84.890945,19.53137,8.900513,0,20181017
8.0,1.4433389,74.34231,20.113226,14.4055605,0,20181017
1.0,0.114235364,65.84733,19.962688,11.665579,0,20181018
2.0,0.23856379,66.65324,19.179688,11.169222,0,20181018
3.0,0.37490085,69.64749,20.739574,14.947277,0,20181018
4.0,0.13240871,63.54566,20.768528,13.02338,0,20181018
5.0,3.0818667,65.359924,19.783897,10.240698,0,20181018
6.0,1.3499719,67.64985,20.570896,10.265076,0,20181018
7.0,2.2786138,74.362404,20.068571,13.309699,0,20181018
8.0,0.6077924,69.78958,19.11891,17.896257,0,20181018
1.0,0.0016111009,67.4384,20.17817,11.192985,0,20181019
2.0,0.021796994,70.11838,18.726097,8.518792,0,20181019
3.0,0.04928841,70.44285,21.097181,11.7629385,0,20181019
4.0,0.70781535,65.19132,21.191029,10.498267,0,20181019
5.0,0.04008069,64.16365,20.133484,8.554938,0,20181019
6.0,0.030543592,68.76548,20.43299,10.108315,0,20181019
7.0,0.396401,69.90515,20.774288,11.385374,0,20181019
8.0,1.3253988,73.7775,18.938538,18.682764,0,20181019
1.0,0.011393082,46.08498,21.745438,7.151837,0,20181020
2.0,0.009953498,55.710674,20.24279,6.399919,0,20181020
3.0,0.0060380427,57.515816,22.494324,6.6818814,0,20181020
4.0,0.0010959578,65.44866,21.693321,6.420271,0,20181020
5.0,0.000106792046,47.696087,21.803326,6.0132914,0,20181020
6.0,0.0022745929,51.19039,21.778757,9.210319,0,20181020
7.0,0.024343466,52.86649,22.615353,9.027673,0,20181020
8.0,0.028764285,60.73999,21.586924,8.772736,0,20181020
1.0,0.0,49.69577,19.74711,6.998793,0,20181021
2.0,0.009931638,59.737167,18.213367,6.0383296,0,20181021
3.0,0.012447178,68.349945,20.315928,5.5851364,0,20181021
4.0,0.0062143137,70.05079,20.61134,8.64763,0,20181021
5.0,0.0,54.17311,19.692848,8.06709,0,20181021
6.0,0.0022745929,58.864582,19.570704,10.257948,0,20181021
7.0,0.009133317,66.86636,19.605135,8.210193,0,20181021
8.0,0.010964027,70.26554,19.306461,9.213667,0,20181021
1.0,9.85511,73.48645,16.356232,8.233658,0,20181022
2.0,22.152815,72.46953,15.743179,6.8628983,0,20181022
3.0,28.475565,66.73018,18.425985,5.836017,0,20181022
4.0,23.95222,62.99917,18.65562,6.530726,0,20181022
5.0,8.511403,68.8996,17.363474,8.017253,0,20181022
6.0,14.157453,71.97077,17.539581,6.186842,0,20181022
7.0,29.703753,69.21792,18.081379,5.4376597,0,20181022
8.0,20.980228,64.51162,17.911913,8.663686,0,20181022
1.0,10.0646305,82.27473,15.4952345,16.823656,0,20181023
2.0,14.528644,91.91127,12.378122,17.954578,0,20181023
3.0,10.539743,84.153206,15.740826,15.993433,0,20181023
4.0,28.832928,79.83738,17.196981,13.097036,0,20181023
5.0,40.54213,83.67436,15.402918,12.962889,0,20181023
6.0,38.78759,93.19024,14.009036,19.804443,0,20181023
7.0,15.637849,87.97824,14.630566,18.71376,0,20181023
8.0,22.48337,83.420815,16.542831,21.05788,0,20181023
1.0,0.5329291,54.410915,18.532272,7.384869,0,20181024
2.0,4.1882443,51.835323,16.97291,5.304492,0,20181024
3.0,2.5998092,67.2499,18.32937,9.903974,0,20181024
4.0,2.6513753,69.42677,17.670418,15.34646,0,20181024
5.0,5.13457,46.751057,19.013664,6.560156,0,20181024
6.0,13.549123,51.495193,18.313229,8.923291,0,20181024
7.0,14.324492,63.510628,18.37441,12.578768,0,20181024
8.0,1.7903215,69.42694,17.65739,15.490533,0,20181024
1.0,0.028798077,52.14759,18.689363,10.116061,0,20181025
2.0,0.013232689,54.483818,16.998604,7.873066,0,20181025
3.0,0.025002576,59.10029,20.497635,6.9705358,0,20181025
4.0,0.0050786515,66.2412,20.463652,7.6788454,0,20181025
5.0,0.000106792046,49.800205,18.208424,6.9618554,0,20181025
6.0,8.461869e-06,48.189564,18.423815,13.496154,0,20181025
7.0,0.009809025,54.25174,19.950157,11.521139,0,20181025
8.0,0.0065099895,60.98939,19.745367,12.127648,0,20181025
1.0,0.0,58.43138,20.537382,9.184071,0,20181026
2.0,0.017391859,59.92913,18.931677,7.1821957,0,20181026
3.0,0.025751673,69.73167,20.035246,9.540461,0,20181026
4.0,0.02614341,66.41636,20.3701,12.80063,0,20181026
5.0,0.00042170612,52.853737,21.339302,7.262483,0,20181026
6.0,0.010008465,54.633736,21.069958,9.664419,0,20181026
7.0,0.0099256635,63.49185,20.372084,14.507767,0,20181026
8.0,0.029658828,66.22515,20.111492,14.547672,0,20181026
1.0,0.07920088,46.417225,22.191269,15.349751,0,20181027
2.0,0.020981561,44.21701,20.606064,14.919787,0,20181027
3.0,0.03747437,53.75159,22.182272,11.89352,0,20181027
4.0,0.020677175,57.248775,21.67815,25.178488,0,20181027
5.0,0.00042170612,42.298084,22.798483,12.165456,0,20181027
6.0,0.008417313,51.209476,22.037981,15.189008,0,20181027
7.0,0.0038101417,44.28129,22.22732,14.072246,0,20181027
8.0,0.006360178,52.85808,21.086908,24.872744,0,20181027
1.0,0.24104628,68.536865,20.049744,23.793032,0,20181028
2.0,4.1129885,77.28384,18.30752,19.290833,0,20181028
3.0,10.30796,79.590996,20.125671,13.659641,0,20181028
4.0,26.545967,78.231285,20.285944,27.313236,0,20181028
5.0,1.1150044,76.24818,19.621656,18.636417,0,20181028
6.0,43.28349,86.61543,19.310091,23.914122,0,20181028
7.0,37.710167,87.98799,19.332434,23.055666,0,20181028
8.0,44.580208,81.52837,19.032253,27.734533,0,20181028
1.0,3.4062524,79.05074,19.860697,21.083593,0,20181029
2.0,8.389698,76.036995,18.228737,20.200493,0,20181029
3.0,14.717496,79.48243,19.957424,16.126886,0,20181029
4.0,20.155603,76.08695,20.474514,28.87152,0,20181029
5.0,3.3010051,79.99957,20.01022,18.239864,0,20181029
6.0,69.14876,81.96837,19.135626,22.769701,0,20181029
7.0,45.598755,88.71087,19.07686,21.347973,0,20181029
8.0,32.856617,81.494095,18.900959,26.939358,0,20181029
1.0,27.670015,56.720356,16.811327,11.200689,0,20181030
2.0,26.455774,62.785202,15.265927,10.966791,0,20181030
3.0,5.565121,65.87567,17.69158,11.682631,0,20181030
4.0,6.7009616,66.57728,17.540728,14.994362,0,20181030
5.0,18.178562,52.831173,18.308044,8.432369,0,20181030
6.0,6.9727373,59.461487,18.890139,11.062812,0,20181030
7.0,3.738904,64.04803,18.36556,12.61658,0,20181030
8.0,6.3813047,67.7202,17.669884,13.743039,0,20181030
1.0,0.034554623,47.64602,17.031685,6.527188,0,20181031
2.0,0.014979262,44.00782,16.049124,7.799551,0,20181031
3.0,0.0085554905,54.50147,17.640121,10.003079,0,20181031
4.0,0.048054527,46.033592,16.135809,16.290884,0,20181031
5.0,0.0019945134,52.580227,16.908373,9.320951,0,20181031
6.0,0.0,53.658512,18.16237,10.021713,0,20181031
7.0,0.0,60.843636,17.865162,9.654968,0,20181031
8.0,0.008642798,48.280888,15.742384,12.702726,0,20181031
